1,1,gancio,333 123 456 bella li
1,2,asse,Dolor sit Amet
1,3,fascia,Dolor sit Amet
1,4,giravite,333 123 456 bella li
1,5,freno,Maurizio che non diventi un vizio
1,6,fascia,Lorem Ipsum
1,7,sterzo,Lorem Ipsum
1,8,freno,Dolor sit Amet
1,9,asse,Dolor sit Amet
1,10,freno,Dolor sit Amet
1,11,frigo a legna,Dolor sit Amet
1,12,frigo a legna,333 123 456 bella li
1,13,cofano,Dolor sit Amet
1,14,fascia,Maurizio che non diventi un vizio
1,15,gancio,333 123 456 bella li
1,16,gancio,Maurizio che non diventi un vizio
1,17,asse,Dolor sit Amet
1,18,gancio,42 è la risposta
1,19,portiera,42 è la risposta
1,20,sterzo,Dolor sit Amet
1,21,portiera,333 123 456 bella li
1,22,sterzo,42 è la risposta
1,23,frigo a legna,Dolor sit Amet
1,24,portiera,Maurizio che non diventi un vizio
1,25,braccetto,Dolor sit Amet
1,26,frigo a legna,Lorem Ipsum
1,27,frigo a legna,42 è la risposta
1,28,giravite,Dolor sit Amet
1,29,asse,333 123 456 bella li
1,30,freno,333 123 456 bella li
1,31,gancio,Maurizio che non diventi un vizio
1,32,asse,Dolor sit Amet
1,33,freno,Dolor sit Amet
1,34,freno,333 123 456 bella li
1,35,braccetto,Maurizio che non diventi un vizio
1,36,freno,Lorem Ipsum
1,37,fascia,42 è la risposta
1,38,braccetto,Dolor sit Amet
1,39,giravite,Dolor sit Amet
1,40,freno,Maurizio che non diventi un vizio
1,41,cofano,333 123 456 bella li
1,42,giravite,Dolor sit Amet
1,43,asse,42 è la risposta
1,44,braccetto,Lorem Ipsum
1,45,cofano,42 è la risposta
1,46,freno,Dolor sit Amet
1,47,cofano,Maurizio che non diventi un vizio
1,48,freno,Maurizio che non diventi un vizio
1,49,frigo a legna,Dolor sit Amet
1,50,fascia,Dolor sit Amet
1,51,sterzo,Lorem Ipsum
1,52,freno,333 123 456 bella li
1,53,cofano,Dolor sit Amet
1,54,frigo a legna,333 123 456 bella li
1,55,sterzo,42 è la risposta
1,56,braccetto,Lorem Ipsum
1,57,portiera,Maurizio che non diventi un vizio
1,58,freno,Dolor sit Amet
1,59,braccetto,42 è la risposta
1,60,asse,Lorem Ipsum
1,61,frigo a legna,Lorem Ipsum
1,62,gancio,333 123 456 bella li
1,63,giravite,42 è la risposta
1,64,asse,333 123 456 bella li
1,65,frigo a legna,333 123 456 bella li
1,66,frigo a legna,Maurizio che non diventi un vizio
1,67,portiera,Maurizio che non diventi un vizio
1,68,asse,333 123 456 bella li
1,69,frigo a legna,333 123 456 bella li
1,70,freno,Dolor sit Amet
1,71,giravite,333 123 456 bella li
1,72,fascia,42 è la risposta
1,73,fascia,Dolor sit Amet
1,74,fascia,42 è la risposta
1,75,asse,42 è la risposta
1,76,sterzo,333 123 456 bella li
1,77,sterzo,333 123 456 bella li
1,78,gancio,42 è la risposta
1,79,braccetto,Lorem Ipsum
1,80,braccetto,Dolor sit Amet
1,81,giravite,333 123 456 bella li
1,82,gancio,Maurizio che non diventi un vizio
1,83,fascia,Lorem Ipsum
1,84,giravite,Dolor sit Amet
1,85,sterzo,Lorem Ipsum
1,86,braccetto,333 123 456 bella li
1,87,portiera,Lorem Ipsum
1,88,sterzo,Lorem Ipsum
1,89,giravite,42 è la risposta
1,90,braccetto,42 è la risposta
1,91,frigo a legna,42 è la risposta
1,92,frigo a legna,333 123 456 bella li
1,93,cofano,Maurizio che non diventi un vizio
1,94,gancio,333 123 456 bella li
1,95,giravite,Lorem Ipsum
1,96,gancio,333 123 456 bella li
1,97,giravite,333 123 456 bella li
1,98,gancio,Maurizio che non diventi un vizio
1,99,asse,Maurizio che non diventi un vizio
1,100,portiera,Maurizio che non diventi un vizio
1,101,asse,Maurizio che non diventi un vizio
1,102,portiera,42 è la risposta
1,103,braccetto,Lorem Ipsum
1,104,asse,Lorem Ipsum
1,105,asse,42 è la risposta
1,106,braccetto,Dolor sit Amet
1,107,sterzo,42 è la risposta
1,108,fascia,Maurizio che non diventi un vizio
1,109,freno,333 123 456 bella li
1,110,fascia,Dolor sit Amet
1,111,asse,42 è la risposta
1,112,frigo a legna,Dolor sit Amet
1,113,cofano,Dolor sit Amet
1,114,asse,Dolor sit Amet
1,115,gancio,Lorem Ipsum
1,116,portiera,Lorem Ipsum
1,117,braccetto,333 123 456 bella li
1,118,giravite,333 123 456 bella li
1,119,braccetto,333 123 456 bella li
1,120,frigo a legna,333 123 456 bella li
1,121,asse,Lorem Ipsum
1,122,giravite,Maurizio che non diventi un vizio
1,123,cofano,Lorem Ipsum
1,124,fascia,Lorem Ipsum
1,125,sterzo,Lorem Ipsum
1,126,portiera,Maurizio che non diventi un vizio
1,127,fascia,Maurizio che non diventi un vizio
1,128,frigo a legna,Dolor sit Amet
1,129,cofano,Lorem Ipsum
1,130,frigo a legna,Dolor sit Amet
1,131,sterzo,Dolor sit Amet
1,132,frigo a legna,Lorem Ipsum
1,133,asse,Maurizio che non diventi un vizio
1,134,sterzo,333 123 456 bella li
1,135,fascia,Lorem Ipsum
1,136,sterzo,Lorem Ipsum
1,137,cofano,Dolor sit Amet
1,138,asse,Maurizio che non diventi un vizio
1,139,freno,333 123 456 bella li
1,140,sterzo,Maurizio che non diventi un vizio
1,141,frigo a legna,Maurizio che non diventi un vizio
1,142,asse,333 123 456 bella li
1,143,portiera,333 123 456 bella li
1,144,giravite,Maurizio che non diventi un vizio
1,145,giravite,333 123 456 bella li
1,146,portiera,Dolor sit Amet
1,147,braccetto,Dolor sit Amet
1,148,gancio,333 123 456 bella li
1,149,cofano,333 123 456 bella li
1,150,fascia,Lorem Ipsum
1,151,cofano,333 123 456 bella li
1,152,giravite,Dolor sit Amet
1,153,portiera,42 è la risposta
1,154,freno,Dolor sit Amet
1,155,frigo a legna,Lorem Ipsum
1,156,giravite,Maurizio che non diventi un vizio
1,157,freno,Maurizio che non diventi un vizio
1,158,portiera,333 123 456 bella li
1,159,giravite,Lorem Ipsum
1,160,frigo a legna,Maurizio che non diventi un vizio
1,161,cofano,333 123 456 bella li
1,162,frigo a legna,333 123 456 bella li
1,163,sterzo,333 123 456 bella li
1,164,giravite,42 è la risposta
1,165,cofano,Maurizio che non diventi un vizio
1,166,gancio,Lorem Ipsum
1,167,braccetto,333 123 456 bella li
1,168,cofano,Dolor sit Amet
1,169,portiera,Lorem Ipsum
1,170,freno,Maurizio che non diventi un vizio
1,171,portiera,42 è la risposta
1,172,gancio,333 123 456 bella li
1,173,braccetto,42 è la risposta
1,174,freno,Dolor sit Amet
1,175,asse,42 è la risposta
1,176,sterzo,Lorem Ipsum
1,177,fascia,42 è la risposta
1,178,giravite,Dolor sit Amet
1,179,gancio,Dolor sit Amet
1,180,braccetto,Lorem Ipsum
1,181,asse,Dolor sit Amet
1,182,sterzo,42 è la risposta
1,183,giravite,Dolor sit Amet
1,184,asse,333 123 456 bella li
1,185,portiera,Dolor sit Amet
1,186,frigo a legna,Dolor sit Amet
1,187,asse,333 123 456 bella li
1,188,giravite,42 è la risposta
1,189,sterzo,42 è la risposta
1,190,gancio,Dolor sit Amet
1,191,braccetto,333 123 456 bella li
1,192,fascia,Dolor sit Amet
1,193,asse,333 123 456 bella li
1,194,braccetto,42 è la risposta
1,195,sterzo,333 123 456 bella li
1,196,asse,Dolor sit Amet
1,197,cofano,333 123 456 bella li
1,198,gancio,Dolor sit Amet
1,199,frigo a legna,Maurizio che non diventi un vizio
1,200,cofano,Lorem Ipsum
1,201,sterzo,333 123 456 bella li
1,202,sterzo,Maurizio che non diventi un vizio
1,203,braccetto,42 è la risposta
1,204,fascia,Dolor sit Amet
1,205,frigo a legna,42 è la risposta
1,206,gancio,Dolor sit Amet
1,207,asse,Lorem Ipsum
1,208,fascia,Maurizio che non diventi un vizio
1,209,gancio,Maurizio che non diventi un vizio
1,210,fascia,Maurizio che non diventi un vizio
1,211,sterzo,42 è la risposta
1,212,asse,Dolor sit Amet
1,213,braccetto,Maurizio che non diventi un vizio
1,214,gancio,333 123 456 bella li
1,215,sterzo,333 123 456 bella li
1,216,braccetto,Maurizio che non diventi un vizio
1,217,sterzo,Lorem Ipsum
1,218,fascia,Dolor sit Amet
1,219,giravite,Maurizio che non diventi un vizio
1,220,giravite,333 123 456 bella li
1,221,fascia,333 123 456 bella li
1,222,braccetto,Lorem Ipsum
1,223,gancio,42 è la risposta
1,224,freno,333 123 456 bella li
1,225,giravite,Dolor sit Amet
1,226,portiera,Lorem Ipsum
1,227,braccetto,Dolor sit Amet
1,228,braccetto,Maurizio che non diventi un vizio
1,229,sterzo,Maurizio che non diventi un vizio
1,230,cofano,Maurizio che non diventi un vizio
1,231,cofano,Lorem Ipsum
1,232,braccetto,42 è la risposta
1,233,frigo a legna,Lorem Ipsum
1,234,gancio,Lorem Ipsum
1,235,braccetto,Maurizio che non diventi un vizio
1,236,asse,333 123 456 bella li
1,237,asse,Lorem Ipsum
1,238,sterzo,Lorem Ipsum
1,239,gancio,333 123 456 bella li
1,240,giravite,Dolor sit Amet
1,241,portiera,Lorem Ipsum
1,242,giravite,333 123 456 bella li
1,243,asse,Dolor sit Amet
1,244,cofano,42 è la risposta
1,245,giravite,Maurizio che non diventi un vizio
1,246,gancio,42 è la risposta
1,247,braccetto,Maurizio che non diventi un vizio
1,248,gancio,Dolor sit Amet
1,249,gancio,333 123 456 bella li
1,250,fascia,Dolor sit Amet
1,251,freno,Maurizio che non diventi un vizio
1,252,freno,42 è la risposta
1,253,portiera,Maurizio che non diventi un vizio
1,254,giravite,Maurizio che non diventi un vizio
1,255,cofano,Dolor sit Amet
1,256,fascia,Dolor sit Amet
1,257,cofano,Lorem Ipsum
1,258,braccetto,Lorem Ipsum
1,259,gancio,42 è la risposta
1,260,giravite,Maurizio che non diventi un vizio
1,261,braccetto,333 123 456 bella li
1,262,giravite,Lorem Ipsum
1,263,frigo a legna,Dolor sit Amet
1,264,freno,333 123 456 bella li
1,265,asse,Maurizio che non diventi un vizio
1,266,giravite,Dolor sit Amet
1,267,sterzo,Dolor sit Amet
1,268,asse,Lorem Ipsum
1,269,portiera,333 123 456 bella li
1,270,asse,42 è la risposta
1,271,frigo a legna,Lorem Ipsum
1,272,asse,Maurizio che non diventi un vizio
1,273,portiera,333 123 456 bella li
1,274,giravite,Dolor sit Amet
1,275,asse,Lorem Ipsum
1,276,fascia,42 è la risposta
1,277,braccetto,42 è la risposta
1,278,frigo a legna,Lorem Ipsum
1,279,sterzo,Dolor sit Amet
1,280,gancio,42 è la risposta
1,281,giravite,333 123 456 bella li
1,282,gancio,42 è la risposta
1,283,portiera,Lorem Ipsum
1,284,cofano,Dolor sit Amet
1,285,cofano,Maurizio che non diventi un vizio
1,286,braccetto,42 è la risposta
1,287,asse,333 123 456 bella li
1,288,fascia,42 è la risposta
1,289,cofano,42 è la risposta
1,290,braccetto,333 123 456 bella li
1,291,gancio,333 123 456 bella li
1,292,asse,Lorem Ipsum
1,293,giravite,Maurizio che non diventi un vizio
1,294,cofano,Lorem Ipsum
1,295,frigo a legna,Maurizio che non diventi un vizio
1,296,giravite,42 è la risposta
1,297,sterzo,Dolor sit Amet
1,298,gancio,333 123 456 bella li
1,299,sterzo,42 è la risposta
1,300,freno,Maurizio che non diventi un vizio
2,301,gigi proietti,Lorem Ipsum
2,302,pippo a tivoli,42 è la risposta
2,303,pippo a tivoli,Dolor sit Amet
2,304,pippo a tivoli,Dolor sit Amet
2,305,ciccio ingrassia,42 è la risposta
2,306,gigi proietti,Maurizio che non diventi un vizio
2,307,franco franchi,333 123 456 bella li
2,308,christian de sica,42 è la risposta
2,309,gigi proietti,Dolor sit Amet
2,310,franco franchi,333 123 456 bella li
2,311,pippo a tivoli,333 123 456 bella li
2,312,gigi proietti,Lorem Ipsum
2,313,pippo a tivoli,333 123 456 bella li
2,314,pippo a tivoli,Lorem Ipsum
2,315,pippo a tivoli,42 è la risposta
2,316,pippo a tivoli,Maurizio che non diventi un vizio
2,317,pippo a tivoli,Lorem Ipsum
2,318,ciccio ingrassia,Maurizio che non diventi un vizio
2,319,christian de sica,333 123 456 bella li
2,320,gigi proietti,Dolor sit Amet
2,321,franco franchi,42 è la risposta
2,322,ciccio ingrassia,333 123 456 bella li
2,323,pippo a tivoli,Dolor sit Amet
2,324,gigi proietti,Maurizio che non diventi un vizio
2,325,christian de sica,Maurizio che non diventi un vizio
2,326,ciccio ingrassia,Lorem Ipsum
2,327,gigi proietti,333 123 456 bella li
2,328,pippo a tivoli,Maurizio che non diventi un vizio
2,329,pippo a tivoli,Maurizio che non diventi un vizio
2,330,ciccio ingrassia,Dolor sit Amet
2,331,ciccio ingrassia,333 123 456 bella li
2,332,gigi proietti,Lorem Ipsum
2,333,christian de sica,Dolor sit Amet
2,334,ciccio ingrassia,Lorem Ipsum
2,335,christian de sica,42 è la risposta
2,336,christian de sica,Maurizio che non diventi un vizio
2,337,franco franchi,42 è la risposta
2,338,pippo a tivoli,42 è la risposta
2,339,franco franchi,333 123 456 bella li
2,340,pippo a tivoli,Lorem Ipsum
2,341,christian de sica,42 è la risposta
2,342,ciccio ingrassia,Dolor sit Amet
2,343,christian de sica,Dolor sit Amet
2,344,pippo a tivoli,42 è la risposta
2,345,ciccio ingrassia,Dolor sit Amet
2,346,gigi proietti,Lorem Ipsum
2,347,gigi proietti,333 123 456 bella li
2,348,pippo a tivoli,Lorem Ipsum
2,349,franco franchi,Maurizio che non diventi un vizio
2,350,franco franchi,Dolor sit Amet
2,351,gigi proietti,333 123 456 bella li
2,352,franco franchi,Maurizio che non diventi un vizio
2,353,pippo a tivoli,42 è la risposta
2,354,pippo a tivoli,Dolor sit Amet
2,355,franco franchi,42 è la risposta
2,356,gigi proietti,42 è la risposta
2,357,gigi proietti,Maurizio che non diventi un vizio
2,358,ciccio ingrassia,Dolor sit Amet
2,359,franco franchi,Maurizio che non diventi un vizio
2,360,franco franchi,333 123 456 bella li
2,361,ciccio ingrassia,42 è la risposta
2,362,ciccio ingrassia,Lorem Ipsum
2,363,ciccio ingrassia,42 è la risposta
2,364,franco franchi,333 123 456 bella li
2,365,franco franchi,Dolor sit Amet
2,366,ciccio ingrassia,Lorem Ipsum
2,367,franco franchi,Lorem Ipsum
2,368,franco franchi,42 è la risposta
2,369,gigi proietti,333 123 456 bella li
2,370,christian de sica,Maurizio che non diventi un vizio
2,371,pippo a tivoli,333 123 456 bella li
2,372,pippo a tivoli,Dolor sit Amet
2,373,pippo a tivoli,Lorem Ipsum
2,374,ciccio ingrassia,Maurizio che non diventi un vizio
2,375,ciccio ingrassia,42 è la risposta
2,376,franco franchi,Maurizio che non diventi un vizio
2,377,pippo a tivoli,Lorem Ipsum
2,378,pippo a tivoli,Dolor sit Amet
2,379,franco franchi,Dolor sit Amet
2,380,franco franchi,Dolor sit Amet
2,381,franco franchi,333 123 456 bella li
2,382,gigi proietti,Dolor sit Amet
2,383,christian de sica,42 è la risposta
2,384,franco franchi,Maurizio che non diventi un vizio
2,385,ciccio ingrassia,333 123 456 bella li
2,386,franco franchi,333 123 456 bella li
2,387,christian de sica,Dolor sit Amet
2,388,franco franchi,Maurizio che non diventi un vizio
2,389,ciccio ingrassia,42 è la risposta
2,390,gigi proietti,Dolor sit Amet
2,391,christian de sica,Maurizio che non diventi un vizio
2,392,ciccio ingrassia,Dolor sit Amet
2,393,franco franchi,Maurizio che non diventi un vizio
2,394,ciccio ingrassia,Maurizio che non diventi un vizio
2,395,christian de sica,Dolor sit Amet
2,396,ciccio ingrassia,Lorem Ipsum
2,397,christian de sica,Dolor sit Amet
2,398,franco franchi,Maurizio che non diventi un vizio
2,399,christian de sica,42 è la risposta
2,400,franco franchi,Maurizio che non diventi un vizio
2,401,pippo a tivoli,Dolor sit Amet
2,402,pippo a tivoli,Maurizio che non diventi un vizio
2,403,gigi proietti,Maurizio che non diventi un vizio
2,404,christian de sica,Dolor sit Amet
2,405,gigi proietti,Dolor sit Amet
2,406,gigi proietti,Lorem Ipsum
2,407,franco franchi,Lorem Ipsum
2,408,christian de sica,42 è la risposta
2,409,pippo a tivoli,42 è la risposta
2,410,gigi proietti,42 è la risposta
2,411,pippo a tivoli,Dolor sit Amet
2,412,pippo a tivoli,333 123 456 bella li
2,413,gigi proietti,Dolor sit Amet
2,414,pippo a tivoli,Dolor sit Amet
2,415,franco franchi,Maurizio che non diventi un vizio
2,416,franco franchi,333 123 456 bella li
2,417,gigi proietti,42 è la risposta
2,418,ciccio ingrassia,42 è la risposta
2,419,pippo a tivoli,Dolor sit Amet
2,420,pippo a tivoli,Maurizio che non diventi un vizio
2,421,pippo a tivoli,Lorem Ipsum
2,422,christian de sica,Lorem Ipsum
2,423,franco franchi,42 è la risposta
2,424,gigi proietti,Lorem Ipsum
2,425,ciccio ingrassia,333 123 456 bella li
2,426,christian de sica,Maurizio che non diventi un vizio
2,427,pippo a tivoli,Lorem Ipsum
2,428,gigi proietti,Maurizio che non diventi un vizio
2,429,franco franchi,Lorem Ipsum
2,430,gigi proietti,Maurizio che non diventi un vizio
2,431,ciccio ingrassia,333 123 456 bella li
2,432,franco franchi,Maurizio che non diventi un vizio
2,433,christian de sica,Maurizio che non diventi un vizio
2,434,gigi proietti,Dolor sit Amet
2,435,christian de sica,Lorem Ipsum
2,436,franco franchi,Lorem Ipsum
2,437,pippo a tivoli,Lorem Ipsum
2,438,christian de sica,333 123 456 bella li
2,439,ciccio ingrassia,42 è la risposta
2,440,franco franchi,333 123 456 bella li
2,441,christian de sica,Dolor sit Amet
2,442,christian de sica,333 123 456 bella li
2,443,pippo a tivoli,42 è la risposta
2,444,gigi proietti,Maurizio che non diventi un vizio
2,445,gigi proietti,333 123 456 bella li
2,446,pippo a tivoli,Maurizio che non diventi un vizio
2,447,franco franchi,42 è la risposta
2,448,pippo a tivoli,333 123 456 bella li
2,449,pippo a tivoli,Dolor sit Amet
2,450,franco franchi,Maurizio che non diventi un vizio
2,451,christian de sica,333 123 456 bella li
2,452,christian de sica,Dolor sit Amet
2,453,christian de sica,42 è la risposta
2,454,christian de sica,333 123 456 bella li
2,455,franco franchi,Maurizio che non diventi un vizio
2,456,ciccio ingrassia,333 123 456 bella li
2,457,ciccio ingrassia,333 123 456 bella li
2,458,gigi proietti,Lorem Ipsum
2,459,franco franchi,Maurizio che non diventi un vizio
2,460,ciccio ingrassia,Lorem Ipsum
2,461,gigi proietti,42 è la risposta
2,462,franco franchi,333 123 456 bella li
2,463,franco franchi,Dolor sit Amet
2,464,ciccio ingrassia,Dolor sit Amet
2,465,gigi proietti,333 123 456 bella li
2,466,ciccio ingrassia,Maurizio che non diventi un vizio
2,467,pippo a tivoli,42 è la risposta
2,468,christian de sica,42 è la risposta
2,469,gigi proietti,333 123 456 bella li
2,470,pippo a tivoli,42 è la risposta
2,471,christian de sica,Lorem Ipsum
2,472,gigi proietti,Lorem Ipsum
2,473,christian de sica,Maurizio che non diventi un vizio
2,474,gigi proietti,Lorem Ipsum
2,475,christian de sica,Dolor sit Amet
2,476,gigi proietti,42 è la risposta
2,477,pippo a tivoli,42 è la risposta
2,478,franco franchi,42 è la risposta
2,479,ciccio ingrassia,Dolor sit Amet
2,480,christian de sica,Maurizio che non diventi un vizio
2,481,franco franchi,333 123 456 bella li
2,482,ciccio ingrassia,Maurizio che non diventi un vizio
2,483,gigi proietti,333 123 456 bella li
2,484,christian de sica,Maurizio che non diventi un vizio
2,485,christian de sica,Lorem Ipsum
2,486,ciccio ingrassia,Maurizio che non diventi un vizio
2,487,franco franchi,42 è la risposta
2,488,gigi proietti,333 123 456 bella li
2,489,christian de sica,Maurizio che non diventi un vizio
2,490,ciccio ingrassia,333 123 456 bella li
2,491,pippo a tivoli,Dolor sit Amet
2,492,ciccio ingrassia,Dolor sit Amet
2,493,christian de sica,Lorem Ipsum
2,494,gigi proietti,Maurizio che non diventi un vizio
2,495,gigi proietti,Dolor sit Amet
2,496,gigi proietti,Lorem Ipsum
2,497,franco franchi,Maurizio che non diventi un vizio
2,498,ciccio ingrassia,333 123 456 bella li
2,499,ciccio ingrassia,Lorem Ipsum
2,500,pippo a tivoli,Lorem Ipsum
2,501,franco franchi,Dolor sit Amet
2,502,ciccio ingrassia,Maurizio che non diventi un vizio
2,503,christian de sica,Lorem Ipsum
2,504,christian de sica,Lorem Ipsum
2,505,gigi proietti,42 è la risposta
2,506,christian de sica,Dolor sit Amet
2,507,franco franchi,333 123 456 bella li
2,508,ciccio ingrassia,Dolor sit Amet
2,509,franco franchi,333 123 456 bella li
2,510,pippo a tivoli,333 123 456 bella li
2,511,franco franchi,42 è la risposta
2,512,franco franchi,42 è la risposta
2,513,christian de sica,333 123 456 bella li
2,514,pippo a tivoli,Lorem Ipsum
2,515,ciccio ingrassia,Maurizio che non diventi un vizio
2,516,gigi proietti,42 è la risposta
2,517,gigi proietti,Dolor sit Amet
2,518,ciccio ingrassia,Maurizio che non diventi un vizio
2,519,ciccio ingrassia,333 123 456 bella li
2,520,pippo a tivoli,42 è la risposta
2,521,ciccio ingrassia,Dolor sit Amet
2,522,pippo a tivoli,42 è la risposta
2,523,franco franchi,Maurizio che non diventi un vizio
2,524,gigi proietti,42 è la risposta
2,525,gigi proietti,Lorem Ipsum
2,526,franco franchi,333 123 456 bella li
2,527,franco franchi,Maurizio che non diventi un vizio
2,528,gigi proietti,333 123 456 bella li
2,529,gigi proietti,Maurizio che non diventi un vizio
2,530,christian de sica,333 123 456 bella li
2,531,pippo a tivoli,Lorem Ipsum
2,532,christian de sica,42 è la risposta
2,533,christian de sica,42 è la risposta
2,534,pippo a tivoli,333 123 456 bella li
2,535,ciccio ingrassia,42 è la risposta
2,536,franco franchi,Dolor sit Amet
2,537,franco franchi,Maurizio che non diventi un vizio
2,538,christian de sica,333 123 456 bella li
2,539,ciccio ingrassia,42 è la risposta
2,540,gigi proietti,Maurizio che non diventi un vizio
2,541,ciccio ingrassia,Maurizio che non diventi un vizio
2,542,pippo a tivoli,333 123 456 bella li
2,543,pippo a tivoli,Lorem Ipsum
2,544,ciccio ingrassia,333 123 456 bella li
2,545,gigi proietti,42 è la risposta
2,546,gigi proietti,Lorem Ipsum
2,547,pippo a tivoli,Dolor sit Amet
2,548,pippo a tivoli,333 123 456 bella li
2,549,christian de sica,Lorem Ipsum
2,550,christian de sica,333 123 456 bella li
2,551,ciccio ingrassia,333 123 456 bella li
2,552,gigi proietti,Lorem Ipsum
2,553,franco franchi,Maurizio che non diventi un vizio
2,554,christian de sica,42 è la risposta
2,555,pippo a tivoli,Lorem Ipsum
2,556,ciccio ingrassia,Dolor sit Amet
2,557,ciccio ingrassia,333 123 456 bella li
2,558,gigi proietti,Maurizio che non diventi un vizio
2,559,franco franchi,Maurizio che non diventi un vizio
2,560,gigi proietti,Dolor sit Amet
2,561,ciccio ingrassia,333 123 456 bella li
2,562,franco franchi,Dolor sit Amet
2,563,pippo a tivoli,42 è la risposta
2,564,christian de sica,42 è la risposta
2,565,ciccio ingrassia,333 123 456 bella li
2,566,christian de sica,333 123 456 bella li
2,567,pippo a tivoli,42 è la risposta
2,568,pippo a tivoli,Lorem Ipsum
2,569,christian de sica,Maurizio che non diventi un vizio
2,570,franco franchi,Dolor sit Amet
2,571,pippo a tivoli,Maurizio che non diventi un vizio
2,572,pippo a tivoli,Maurizio che non diventi un vizio
2,573,gigi proietti,Dolor sit Amet
2,574,pippo a tivoli,Maurizio che non diventi un vizio
2,575,gigi proietti,42 è la risposta
2,576,gigi proietti,Lorem Ipsum
2,577,franco franchi,Lorem Ipsum
2,578,franco franchi,Lorem Ipsum
2,579,pippo a tivoli,333 123 456 bella li
2,580,christian de sica,Dolor sit Amet
2,581,pippo a tivoli,Dolor sit Amet
2,582,ciccio ingrassia,Lorem Ipsum
2,583,pippo a tivoli,Maurizio che non diventi un vizio
2,584,christian de sica,42 è la risposta
2,585,pippo a tivoli,42 è la risposta
2,586,gigi proietti,Maurizio che non diventi un vizio
2,587,franco franchi,333 123 456 bella li
2,588,gigi proietti,333 123 456 bella li
2,589,pippo a tivoli,333 123 456 bella li
2,590,ciccio ingrassia,Maurizio che non diventi un vizio
2,591,franco franchi,Dolor sit Amet
2,592,pippo a tivoli,Dolor sit Amet
2,593,ciccio ingrassia,333 123 456 bella li
2,594,christian de sica,Dolor sit Amet
2,595,ciccio ingrassia,Dolor sit Amet
2,596,christian de sica,Dolor sit Amet
2,597,pippo a tivoli,Maurizio che non diventi un vizio
2,598,ciccio ingrassia,42 è la risposta
2,599,gigi proietti,Maurizio che non diventi un vizio
2,600,pippo a tivoli,42 è la risposta
2,601,ciccio ingrassia,Maurizio che non diventi un vizio
2,602,gigi proietti,Dolor sit Amet
2,603,gigi proietti,333 123 456 bella li
2,604,franco franchi,333 123 456 bella li
2,605,ciccio ingrassia,333 123 456 bella li
2,606,christian de sica,Dolor sit Amet
2,607,gigi proietti,42 è la risposta
2,608,gigi proietti,Lorem Ipsum
2,609,gigi proietti,Maurizio che non diventi un vizio
2,610,ciccio ingrassia,42 è la risposta
2,611,christian de sica,42 è la risposta
2,612,franco franchi,Maurizio che non diventi un vizio
2,613,franco franchi,42 è la risposta
2,614,pippo a tivoli,333 123 456 bella li
2,615,gigi proietti,42 è la risposta
2,616,ciccio ingrassia,Dolor sit Amet
2,617,christian de sica,42 è la risposta
2,618,ciccio ingrassia,Lorem Ipsum
2,619,christian de sica,Lorem Ipsum
2,620,franco franchi,42 è la risposta
2,621,franco franchi,Maurizio che non diventi un vizio
2,622,ciccio ingrassia,333 123 456 bella li
2,623,christian de sica,Lorem Ipsum
2,624,ciccio ingrassia,Dolor sit Amet
2,625,ciccio ingrassia,Maurizio che non diventi un vizio
2,626,gigi proietti,Lorem Ipsum
2,627,pippo a tivoli,333 123 456 bella li
2,628,ciccio ingrassia,Maurizio che non diventi un vizio
2,629,franco franchi,Lorem Ipsum
2,630,christian de sica,Dolor sit Amet
2,631,christian de sica,333 123 456 bella li
2,632,christian de sica,Lorem Ipsum
2,633,gigi proietti,Maurizio che non diventi un vizio
2,634,franco franchi,Lorem Ipsum
2,635,christian de sica,Lorem Ipsum
2,636,ciccio ingrassia,333 123 456 bella li
2,637,franco franchi,Maurizio che non diventi un vizio
2,638,gigi proietti,Maurizio che non diventi un vizio
2,639,franco franchi,333 123 456 bella li
2,640,franco franchi,Dolor sit Amet
2,641,pippo a tivoli,Dolor sit Amet
2,642,christian de sica,Dolor sit Amet
2,643,franco franchi,Lorem Ipsum
2,644,ciccio ingrassia,Lorem Ipsum
2,645,christian de sica,Dolor sit Amet
2,646,gigi proietti,Dolor sit Amet
2,647,pippo a tivoli,42 è la risposta
2,648,franco franchi,Maurizio che non diventi un vizio
2,649,pippo a tivoli,Dolor sit Amet
2,650,ciccio ingrassia,333 123 456 bella li
2,651,christian de sica,42 è la risposta
2,652,ciccio ingrassia,Lorem Ipsum
2,653,ciccio ingrassia,333 123 456 bella li
2,654,christian de sica,Lorem Ipsum
2,655,christian de sica,333 123 456 bella li
2,656,ciccio ingrassia,333 123 456 bella li
2,657,ciccio ingrassia,42 è la risposta
2,658,pippo a tivoli,333 123 456 bella li
2,659,christian de sica,Lorem Ipsum
2,660,pippo a tivoli,Lorem Ipsum
2,661,franco franchi,Dolor sit Amet
2,662,ciccio ingrassia,42 è la risposta
2,663,pippo a tivoli,Dolor sit Amet
2,664,pippo a tivoli,Dolor sit Amet
2,665,franco franchi,42 è la risposta
2,666,pippo a tivoli,333 123 456 bella li
2,667,christian de sica,Dolor sit Amet
2,668,ciccio ingrassia,Lorem Ipsum
2,669,pippo a tivoli,333 123 456 bella li
2,670,gigi proietti,333 123 456 bella li
2,671,franco franchi,42 è la risposta
2,672,christian de sica,333 123 456 bella li
2,673,pippo a tivoli,Lorem Ipsum
2,674,gigi proietti,42 è la risposta
2,675,pippo a tivoli,Dolor sit Amet
2,676,gigi proietti,42 è la risposta
2,677,ciccio ingrassia,333 123 456 bella li
2,678,christian de sica,Dolor sit Amet
2,679,ciccio ingrassia,Lorem Ipsum
2,680,gigi proietti,Lorem Ipsum
2,681,gigi proietti,Maurizio che non diventi un vizio
2,682,gigi proietti,Dolor sit Amet
2,683,christian de sica,Dolor sit Amet
2,684,christian de sica,Lorem Ipsum
2,685,ciccio ingrassia,Dolor sit Amet
2,686,ciccio ingrassia,Lorem Ipsum
2,687,pippo a tivoli,42 è la risposta
2,688,ciccio ingrassia,Lorem Ipsum
2,689,christian de sica,Lorem Ipsum
2,690,gigi proietti,333 123 456 bella li
2,691,gigi proietti,Dolor sit Amet
2,692,franco franchi,Lorem Ipsum
2,693,gigi proietti,333 123 456 bella li
2,694,pippo a tivoli,42 è la risposta
2,695,pippo a tivoli,333 123 456 bella li
2,696,gigi proietti,333 123 456 bella li
2,697,pippo a tivoli,Lorem Ipsum
2,698,christian de sica,Lorem Ipsum
2,699,franco franchi,333 123 456 bella li
2,700,franco franchi,Lorem Ipsum
2,701,franco franchi,Dolor sit Amet
2,702,gigi proietti,Lorem Ipsum
2,703,christian de sica,Maurizio che non diventi un vizio
2,704,gigi proietti,Lorem Ipsum
2,705,franco franchi,Maurizio che non diventi un vizio
2,706,franco franchi,42 è la risposta
2,707,ciccio ingrassia,Dolor sit Amet
2,708,ciccio ingrassia,42 è la risposta
2,709,pippo a tivoli,42 è la risposta
2,710,ciccio ingrassia,Dolor sit Amet
2,711,pippo a tivoli,Dolor sit Amet
2,712,ciccio ingrassia,Lorem Ipsum
2,713,ciccio ingrassia,333 123 456 bella li
2,714,franco franchi,42 è la risposta
2,715,franco franchi,Dolor sit Amet
2,716,christian de sica,Maurizio che non diventi un vizio
2,717,pippo a tivoli,333 123 456 bella li
2,718,franco franchi,Lorem Ipsum
2,719,christian de sica,333 123 456 bella li
2,720,ciccio ingrassia,Lorem Ipsum
2,721,christian de sica,42 è la risposta
2,722,pippo a tivoli,42 è la risposta
2,723,christian de sica,Maurizio che non diventi un vizio
2,724,pippo a tivoli,42 è la risposta
2,725,christian de sica,Lorem Ipsum
2,726,ciccio ingrassia,Maurizio che non diventi un vizio
2,727,pippo a tivoli,Maurizio che non diventi un vizio
2,728,gigi proietti,42 è la risposta
2,729,franco franchi,Maurizio che non diventi un vizio
2,730,gigi proietti,Dolor sit Amet
2,731,gigi proietti,42 è la risposta
2,732,franco franchi,Dolor sit Amet
2,733,ciccio ingrassia,Dolor sit Amet
2,734,franco franchi,333 123 456 bella li
2,735,gigi proietti,333 123 456 bella li
2,736,pippo a tivoli,333 123 456 bella li
2,737,pippo a tivoli,Lorem Ipsum
2,738,pippo a tivoli,Dolor sit Amet
2,739,franco franchi,Dolor sit Amet
2,740,ciccio ingrassia,Lorem Ipsum
2,741,ciccio ingrassia,Dolor sit Amet
2,742,ciccio ingrassia,42 è la risposta
2,743,pippo a tivoli,333 123 456 bella li
2,744,gigi proietti,Lorem Ipsum
2,745,franco franchi,333 123 456 bella li
2,746,franco franchi,Dolor sit Amet
2,747,ciccio ingrassia,Maurizio che non diventi un vizio
2,748,franco franchi,Maurizio che non diventi un vizio
2,749,pippo a tivoli,333 123 456 bella li
2,750,pippo a tivoli,Maurizio che non diventi un vizio
2,751,pippo a tivoli,Dolor sit Amet
2,752,christian de sica,42 è la risposta
2,753,franco franchi,333 123 456 bella li
2,754,ciccio ingrassia,Lorem Ipsum
2,755,gigi proietti,42 è la risposta
2,756,christian de sica,Lorem Ipsum
2,757,gigi proietti,333 123 456 bella li
2,758,christian de sica,Dolor sit Amet
2,759,pippo a tivoli,333 123 456 bella li
2,760,pippo a tivoli,333 123 456 bella li
2,761,gigi proietti,Maurizio che non diventi un vizio
2,762,franco franchi,Lorem Ipsum
2,763,franco franchi,Lorem Ipsum
2,764,franco franchi,333 123 456 bella li
2,765,pippo a tivoli,Dolor sit Amet
2,766,franco franchi,42 è la risposta
2,767,christian de sica,Maurizio che non diventi un vizio
2,768,gigi proietti,Lorem Ipsum
2,769,gigi proietti,Maurizio che non diventi un vizio
2,770,gigi proietti,Lorem Ipsum
2,771,ciccio ingrassia,Maurizio che non diventi un vizio
2,772,christian de sica,Maurizio che non diventi un vizio
2,773,christian de sica,42 è la risposta
2,774,ciccio ingrassia,Dolor sit Amet
2,775,franco franchi,Maurizio che non diventi un vizio
2,776,franco franchi,Maurizio che non diventi un vizio
2,777,pippo a tivoli,42 è la risposta
2,778,pippo a tivoli,Dolor sit Amet
2,779,ciccio ingrassia,Maurizio che non diventi un vizio
2,780,gigi proietti,333 123 456 bella li
2,781,christian de sica,Lorem Ipsum
2,782,christian de sica,42 è la risposta
2,783,franco franchi,Maurizio che non diventi un vizio
2,784,pippo a tivoli,333 123 456 bella li
2,785,christian de sica,Maurizio che non diventi un vizio
2,786,franco franchi,Lorem Ipsum
2,787,ciccio ingrassia,Dolor sit Amet
2,788,christian de sica,Lorem Ipsum
2,789,gigi proietti,Dolor sit Amet
2,790,christian de sica,42 è la risposta
2,791,franco franchi,Lorem Ipsum
2,792,gigi proietti,Dolor sit Amet
2,793,franco franchi,333 123 456 bella li
2,794,franco franchi,333 123 456 bella li
2,795,pippo a tivoli,42 è la risposta
2,796,pippo a tivoli,Dolor sit Amet
2,797,gigi proietti,Lorem Ipsum
2,798,ciccio ingrassia,Dolor sit Amet
2,799,gigi proietti,Dolor sit Amet
2,800,christian de sica,333 123 456 bella li
2,801,ciccio ingrassia,Lorem Ipsum
2,802,pippo a tivoli,Maurizio che non diventi un vizio
2,803,christian de sica,Maurizio che non diventi un vizio
2,804,ciccio ingrassia,333 123 456 bella li
2,805,franco franchi,Maurizio che non diventi un vizio
2,806,christian de sica,333 123 456 bella li
2,807,christian de sica,333 123 456 bella li
2,808,franco franchi,42 è la risposta
2,809,pippo a tivoli,Dolor sit Amet
2,810,franco franchi,42 è la risposta
2,811,gigi proietti,42 è la risposta
2,812,ciccio ingrassia,Dolor sit Amet
2,813,franco franchi,Maurizio che non diventi un vizio
2,814,pippo a tivoli,42 è la risposta
2,815,ciccio ingrassia,Maurizio che non diventi un vizio
2,816,franco franchi,42 è la risposta
2,817,gigi proietti,Lorem Ipsum
2,818,gigi proietti,Lorem Ipsum
2,819,christian de sica,Dolor sit Amet
2,820,christian de sica,42 è la risposta
2,821,franco franchi,Lorem Ipsum
2,822,gigi proietti,Maurizio che non diventi un vizio
2,823,franco franchi,Maurizio che non diventi un vizio
2,824,pippo a tivoli,333 123 456 bella li
2,825,pippo a tivoli,Lorem Ipsum
2,826,franco franchi,333 123 456 bella li
2,827,pippo a tivoli,Dolor sit Amet
2,828,ciccio ingrassia,42 è la risposta
2,829,christian de sica,42 è la risposta
2,830,ciccio ingrassia,Maurizio che non diventi un vizio
2,831,ciccio ingrassia,Lorem Ipsum
2,832,pippo a tivoli,Maurizio che non diventi un vizio
2,833,christian de sica,333 123 456 bella li
2,834,gigi proietti,Lorem Ipsum
2,835,christian de sica,Maurizio che non diventi un vizio
2,836,christian de sica,Maurizio che non diventi un vizio
2,837,christian de sica,Maurizio che non diventi un vizio
2,838,christian de sica,Lorem Ipsum
2,839,franco franchi,42 è la risposta
2,840,ciccio ingrassia,Maurizio che non diventi un vizio
2,841,ciccio ingrassia,Maurizio che non diventi un vizio
2,842,franco franchi,Dolor sit Amet
2,843,pippo a tivoli,333 123 456 bella li
2,844,gigi proietti,Lorem Ipsum
2,845,christian de sica,Dolor sit Amet
2,846,gigi proietti,Maurizio che non diventi un vizio
2,847,gigi proietti,Lorem Ipsum
2,848,ciccio ingrassia,42 è la risposta
2,849,pippo a tivoli,42 è la risposta
2,850,pippo a tivoli,42 è la risposta
2,851,christian de sica,Lorem Ipsum
2,852,gigi proietti,333 123 456 bella li
2,853,gigi proietti,Lorem Ipsum
2,854,christian de sica,42 è la risposta
2,855,gigi proietti,333 123 456 bella li
2,856,franco franchi,Maurizio che non diventi un vizio
2,857,gigi proietti,Dolor sit Amet
2,858,pippo a tivoli,Maurizio che non diventi un vizio
2,859,gigi proietti,Dolor sit Amet
2,860,ciccio ingrassia,Maurizio che non diventi un vizio
2,861,gigi proietti,Dolor sit Amet
2,862,christian de sica,Dolor sit Amet
2,863,gigi proietti,333 123 456 bella li
2,864,franco franchi,333 123 456 bella li
2,865,christian de sica,42 è la risposta
2,866,pippo a tivoli,Maurizio che non diventi un vizio
2,867,franco franchi,Maurizio che non diventi un vizio
2,868,franco franchi,Maurizio che non diventi un vizio
2,869,christian de sica,333 123 456 bella li
2,870,pippo a tivoli,42 è la risposta
2,871,gigi proietti,42 è la risposta
2,872,gigi proietti,Dolor sit Amet
2,873,franco franchi,Dolor sit Amet
2,874,franco franchi,Dolor sit Amet
2,875,ciccio ingrassia,Dolor sit Amet
2,876,franco franchi,333 123 456 bella li
2,877,ciccio ingrassia,333 123 456 bella li
2,878,pippo a tivoli,42 è la risposta
2,879,gigi proietti,Maurizio che non diventi un vizio
2,880,ciccio ingrassia,Maurizio che non diventi un vizio
2,881,ciccio ingrassia,42 è la risposta
2,882,christian de sica,Lorem Ipsum
2,883,ciccio ingrassia,Lorem Ipsum
2,884,christian de sica,333 123 456 bella li
2,885,gigi proietti,Maurizio che non diventi un vizio
2,886,christian de sica,Dolor sit Amet
2,887,ciccio ingrassia,Lorem Ipsum
2,888,pippo a tivoli,42 è la risposta
2,889,pippo a tivoli,333 123 456 bella li
2,890,ciccio ingrassia,Maurizio che non diventi un vizio
2,891,christian de sica,333 123 456 bella li
2,892,ciccio ingrassia,42 è la risposta
2,893,christian de sica,Dolor sit Amet
2,894,pippo a tivoli,Maurizio che non diventi un vizio
2,895,franco franchi,42 è la risposta
2,896,christian de sica,42 è la risposta
2,897,christian de sica,Lorem Ipsum
2,898,franco franchi,42 è la risposta
2,899,gigi proietti,42 è la risposta
2,900,gigi proietti,Maurizio che non diventi un vizio
3,901,brembo,42 è la risposta
3,902,cinesi,Dolor sit Amet
3,903,magneti marelli,333 123 456 bella li
3,904,cinesi,333 123 456 bella li
3,905,barilla,42 è la risposta
3,906,magneti marelli,333 123 456 bella li
3,907,brembo,Dolor sit Amet
3,908,brembo,Lorem Ipsum
3,909,barilla,333 123 456 bella li
3,910,cinesi,Maurizio che non diventi un vizio
3,911,cinesi,Dolor sit Amet
3,912,brembo,Maurizio che non diventi un vizio
3,913,cinesi,42 è la risposta
3,914,magneti marelli,42 è la risposta
3,915,LIDL,Maurizio che non diventi un vizio
3,916,magneti marelli,Dolor sit Amet
3,917,magneti marelli,42 è la risposta
3,918,cinesi,Lorem Ipsum
3,919,cinesi,42 è la risposta
3,920,cinesi,333 123 456 bella li
3,921,brembo,42 è la risposta
3,922,magneti marelli,333 123 456 bella li
3,923,magneti marelli,Dolor sit Amet
3,924,cinesi,333 123 456 bella li
3,925,barilla,333 123 456 bella li
3,926,LIDL,Maurizio che non diventi un vizio
3,927,LIDL,Dolor sit Amet
3,928,barilla,Lorem Ipsum
3,929,magneti marelli,Lorem Ipsum
3,930,cinesi,Maurizio che non diventi un vizio
3,931,brembo,42 è la risposta
3,932,LIDL,Dolor sit Amet
3,933,LIDL,Dolor sit Amet
3,934,magneti marelli,Dolor sit Amet
3,935,cinesi,Lorem Ipsum
3,936,LIDL,333 123 456 bella li
3,937,cinesi,42 è la risposta
3,938,brembo,333 123 456 bella li
3,939,barilla,Maurizio che non diventi un vizio
3,940,LIDL,42 è la risposta
3,941,LIDL,42 è la risposta
3,942,magneti marelli,Lorem Ipsum
3,943,barilla,42 è la risposta
3,944,LIDL,Lorem Ipsum
3,945,LIDL,Maurizio che non diventi un vizio
3,946,brembo,Dolor sit Amet
3,947,cinesi,Lorem Ipsum
3,948,LIDL,Maurizio che non diventi un vizio
3,949,brembo,42 è la risposta
3,950,barilla,Maurizio che non diventi un vizio
3,951,cinesi,Lorem Ipsum
3,952,LIDL,333 123 456 bella li
3,953,LIDL,Maurizio che non diventi un vizio
3,954,cinesi,Maurizio che non diventi un vizio
3,955,brembo,42 è la risposta
3,956,cinesi,Maurizio che non diventi un vizio
3,957,cinesi,Lorem Ipsum
3,958,barilla,333 123 456 bella li
3,959,barilla,Maurizio che non diventi un vizio
3,960,brembo,Lorem Ipsum
3,961,barilla,Lorem Ipsum
3,962,brembo,Dolor sit Amet
3,963,LIDL,Maurizio che non diventi un vizio
3,964,barilla,Maurizio che non diventi un vizio
3,965,brembo,Maurizio che non diventi un vizio
3,966,magneti marelli,333 123 456 bella li
3,967,LIDL,Lorem Ipsum
3,968,cinesi,42 è la risposta
3,969,cinesi,Dolor sit Amet
3,970,magneti marelli,Maurizio che non diventi un vizio
3,971,magneti marelli,42 è la risposta
3,972,LIDL,42 è la risposta
3,973,brembo,42 è la risposta
3,974,brembo,Lorem Ipsum
3,975,brembo,Dolor sit Amet
3,976,cinesi,Maurizio che non diventi un vizio
3,977,magneti marelli,Maurizio che non diventi un vizio
3,978,brembo,Lorem Ipsum
3,979,magneti marelli,333 123 456 bella li
3,980,cinesi,Dolor sit Amet
3,981,brembo,Maurizio che non diventi un vizio
3,982,magneti marelli,333 123 456 bella li
3,983,barilla,333 123 456 bella li
3,984,brembo,333 123 456 bella li
3,985,LIDL,Dolor sit Amet
3,986,cinesi,42 è la risposta
3,987,LIDL,333 123 456 bella li
3,988,magneti marelli,Lorem Ipsum
3,989,brembo,42 è la risposta
3,990,magneti marelli,Dolor sit Amet
3,991,magneti marelli,Maurizio che non diventi un vizio
3,992,magneti marelli,Maurizio che non diventi un vizio
3,993,magneti marelli,333 123 456 bella li
3,994,brembo,Dolor sit Amet
3,995,brembo,42 è la risposta
3,996,brembo,Maurizio che non diventi un vizio
3,997,LIDL,Lorem Ipsum
3,998,LIDL,42 è la risposta
3,999,LIDL,Lorem Ipsum
3,1000,brembo,Lorem Ipsum
3,1001,brembo,Dolor sit Amet
3,1002,magneti marelli,42 è la risposta
3,1003,barilla,Lorem Ipsum
3,1004,magneti marelli,Dolor sit Amet
3,1005,brembo,Dolor sit Amet
3,1006,LIDL,42 è la risposta
3,1007,magneti marelli,333 123 456 bella li
3,1008,LIDL,Lorem Ipsum
3,1009,magneti marelli,42 è la risposta
3,1010,magneti marelli,Maurizio che non diventi un vizio
3,1011,LIDL,42 è la risposta
3,1012,barilla,333 123 456 bella li
3,1013,cinesi,Dolor sit Amet
3,1014,cinesi,333 123 456 bella li
3,1015,cinesi,Maurizio che non diventi un vizio
3,1016,cinesi,Lorem Ipsum
3,1017,cinesi,Dolor sit Amet
3,1018,magneti marelli,Dolor sit Amet
3,1019,cinesi,Maurizio che non diventi un vizio
3,1020,magneti marelli,Maurizio che non diventi un vizio
3,1021,brembo,42 è la risposta
3,1022,magneti marelli,Lorem Ipsum
3,1023,magneti marelli,Maurizio che non diventi un vizio
3,1024,magneti marelli,42 è la risposta
3,1025,magneti marelli,Maurizio che non diventi un vizio
3,1026,brembo,42 è la risposta
3,1027,LIDL,Lorem Ipsum
3,1028,brembo,Maurizio che non diventi un vizio
3,1029,magneti marelli,333 123 456 bella li
3,1030,cinesi,Lorem Ipsum
3,1031,barilla,Lorem Ipsum
3,1032,barilla,42 è la risposta
3,1033,cinesi,42 è la risposta
3,1034,barilla,333 123 456 bella li
3,1035,LIDL,Dolor sit Amet
3,1036,magneti marelli,Maurizio che non diventi un vizio
3,1037,cinesi,Maurizio che non diventi un vizio
3,1038,LIDL,Lorem Ipsum
3,1039,magneti marelli,42 è la risposta
3,1040,LIDL,Maurizio che non diventi un vizio
3,1041,brembo,Maurizio che non diventi un vizio
3,1042,cinesi,Maurizio che non diventi un vizio
3,1043,barilla,Lorem Ipsum
3,1044,magneti marelli,Lorem Ipsum
3,1045,brembo,Maurizio che non diventi un vizio
3,1046,cinesi,333 123 456 bella li
3,1047,cinesi,Lorem Ipsum
3,1048,magneti marelli,42 è la risposta
3,1049,magneti marelli,Maurizio che non diventi un vizio
3,1050,brembo,42 è la risposta
3,1051,brembo,Lorem Ipsum
3,1052,magneti marelli,Maurizio che non diventi un vizio
3,1053,cinesi,Lorem Ipsum
3,1054,brembo,Lorem Ipsum
3,1055,LIDL,Lorem Ipsum
3,1056,barilla,Lorem Ipsum
3,1057,barilla,Maurizio che non diventi un vizio
3,1058,brembo,333 123 456 bella li
3,1059,cinesi,Dolor sit Amet
3,1060,cinesi,333 123 456 bella li
3,1061,barilla,Dolor sit Amet
3,1062,barilla,333 123 456 bella li
3,1063,LIDL,Dolor sit Amet
3,1064,magneti marelli,Maurizio che non diventi un vizio
3,1065,LIDL,333 123 456 bella li
3,1066,magneti marelli,333 123 456 bella li
3,1067,brembo,Maurizio che non diventi un vizio
3,1068,brembo,Lorem Ipsum
3,1069,LIDL,Dolor sit Amet
3,1070,magneti marelli,Maurizio che non diventi un vizio
3,1071,magneti marelli,333 123 456 bella li
3,1072,magneti marelli,333 123 456 bella li
3,1073,brembo,333 123 456 bella li
3,1074,magneti marelli,333 123 456 bella li
3,1075,cinesi,Lorem Ipsum
3,1076,cinesi,Dolor sit Amet
3,1077,LIDL,Lorem Ipsum
3,1078,magneti marelli,Lorem Ipsum
3,1079,LIDL,42 è la risposta
3,1080,brembo,Lorem Ipsum
3,1081,cinesi,Maurizio che non diventi un vizio
3,1082,magneti marelli,Dolor sit Amet
3,1083,barilla,333 123 456 bella li
3,1084,brembo,42 è la risposta
3,1085,magneti marelli,Dolor sit Amet
3,1086,barilla,42 è la risposta
3,1087,LIDL,Lorem Ipsum
3,1088,barilla,Maurizio che non diventi un vizio
3,1089,LIDL,333 123 456 bella li
3,1090,cinesi,Lorem Ipsum
3,1091,barilla,42 è la risposta
3,1092,cinesi,333 123 456 bella li
3,1093,LIDL,Maurizio che non diventi un vizio
3,1094,magneti marelli,333 123 456 bella li
3,1095,brembo,Lorem Ipsum
3,1096,LIDL,333 123 456 bella li
3,1097,cinesi,Lorem Ipsum
3,1098,barilla,Dolor sit Amet
3,1099,brembo,333 123 456 bella li
3,1100,cinesi,333 123 456 bella li
3,1101,LIDL,Maurizio che non diventi un vizio
3,1102,brembo,42 è la risposta
3,1103,brembo,Dolor sit Amet
3,1104,brembo,333 123 456 bella li
3,1105,barilla,Maurizio che non diventi un vizio
3,1106,magneti marelli,Dolor sit Amet
3,1107,barilla,Lorem Ipsum
3,1108,barilla,333 123 456 bella li
3,1109,barilla,Dolor sit Amet
3,1110,cinesi,Maurizio che non diventi un vizio
3,1111,LIDL,Lorem Ipsum
3,1112,brembo,Maurizio che non diventi un vizio
3,1113,LIDL,333 123 456 bella li
3,1114,magneti marelli,Lorem Ipsum
3,1115,brembo,Dolor sit Amet
3,1116,LIDL,333 123 456 bella li
3,1117,barilla,Lorem Ipsum
3,1118,LIDL,Dolor sit Amet
3,1119,brembo,42 è la risposta
3,1120,LIDL,42 è la risposta
3,1121,brembo,Dolor sit Amet
3,1122,magneti marelli,Lorem Ipsum
3,1123,cinesi,333 123 456 bella li
3,1124,barilla,42 è la risposta
3,1125,barilla,Dolor sit Amet
3,1126,brembo,42 è la risposta
3,1127,cinesi,Lorem Ipsum
3,1128,barilla,Maurizio che non diventi un vizio
3,1129,cinesi,Lorem Ipsum
3,1130,brembo,42 è la risposta
3,1131,barilla,Dolor sit Amet
3,1132,cinesi,Dolor sit Amet
3,1133,cinesi,333 123 456 bella li
3,1134,magneti marelli,333 123 456 bella li
3,1135,barilla,Dolor sit Amet
3,1136,magneti marelli,42 è la risposta
3,1137,LIDL,Maurizio che non diventi un vizio
3,1138,barilla,Dolor sit Amet
3,1139,LIDL,Lorem Ipsum
3,1140,cinesi,42 è la risposta
3,1141,barilla,42 è la risposta
3,1142,barilla,42 è la risposta
3,1143,brembo,42 è la risposta
3,1144,barilla,Maurizio che non diventi un vizio
3,1145,cinesi,333 123 456 bella li
3,1146,barilla,Maurizio che non diventi un vizio
3,1147,brembo,Dolor sit Amet
3,1148,LIDL,Maurizio che non diventi un vizio
3,1149,barilla,42 è la risposta
3,1150,cinesi,333 123 456 bella li
3,1151,barilla,333 123 456 bella li
3,1152,LIDL,42 è la risposta
3,1153,cinesi,42 è la risposta
3,1154,brembo,333 123 456 bella li
3,1155,LIDL,Dolor sit Amet
3,1156,magneti marelli,Dolor sit Amet
3,1157,cinesi,Maurizio che non diventi un vizio
3,1158,barilla,Maurizio che non diventi un vizio
3,1159,barilla,Dolor sit Amet
3,1160,brembo,Dolor sit Amet
3,1161,magneti marelli,Maurizio che non diventi un vizio
3,1162,cinesi,42 è la risposta
3,1163,brembo,Lorem Ipsum
3,1164,cinesi,333 123 456 bella li
3,1165,LIDL,42 è la risposta
3,1166,barilla,333 123 456 bella li
3,1167,barilla,Dolor sit Amet
3,1168,cinesi,Lorem Ipsum
3,1169,LIDL,Lorem Ipsum
3,1170,magneti marelli,Lorem Ipsum
3,1171,cinesi,Maurizio che non diventi un vizio
3,1172,cinesi,Maurizio che non diventi un vizio
3,1173,magneti marelli,Dolor sit Amet
3,1174,LIDL,Lorem Ipsum
3,1175,cinesi,Dolor sit Amet
3,1176,barilla,Lorem Ipsum
3,1177,magneti marelli,Lorem Ipsum
3,1178,magneti marelli,42 è la risposta
3,1179,cinesi,Dolor sit Amet
3,1180,barilla,Lorem Ipsum
3,1181,cinesi,Lorem Ipsum
3,1182,cinesi,333 123 456 bella li
3,1183,magneti marelli,Dolor sit Amet
3,1184,cinesi,42 è la risposta
3,1185,brembo,Dolor sit Amet
3,1186,LIDL,Lorem Ipsum
3,1187,LIDL,Maurizio che non diventi un vizio
3,1188,magneti marelli,Lorem Ipsum
3,1189,brembo,42 è la risposta
3,1190,LIDL,Dolor sit Amet
3,1191,barilla,Dolor sit Amet
3,1192,brembo,Dolor sit Amet
3,1193,barilla,42 è la risposta
3,1194,brembo,Maurizio che non diventi un vizio
3,1195,LIDL,Maurizio che non diventi un vizio
3,1196,barilla,Dolor sit Amet
3,1197,cinesi,Lorem Ipsum
3,1198,brembo,42 è la risposta
3,1199,LIDL,Maurizio che non diventi un vizio
3,1200,barilla,Lorem Ipsum
3,1201,cinesi,Maurizio che non diventi un vizio
3,1202,cinesi,Dolor sit Amet
3,1203,cinesi,Lorem Ipsum
3,1204,brembo,Maurizio che non diventi un vizio
3,1205,cinesi,Lorem Ipsum
3,1206,magneti marelli,42 è la risposta
3,1207,LIDL,333 123 456 bella li
3,1208,LIDL,Lorem Ipsum
3,1209,magneti marelli,333 123 456 bella li
3,1210,magneti marelli,Dolor sit Amet
3,1211,LIDL,333 123 456 bella li
3,1212,LIDL,Maurizio che non diventi un vizio
3,1213,brembo,Dolor sit Amet
3,1214,brembo,Lorem Ipsum
3,1215,LIDL,333 123 456 bella li
3,1216,brembo,42 è la risposta
3,1217,magneti marelli,42 è la risposta
3,1218,cinesi,Dolor sit Amet
3,1219,brembo,42 è la risposta
3,1220,brembo,42 è la risposta
3,1221,cinesi,Lorem Ipsum
3,1222,LIDL,333 123 456 bella li
3,1223,magneti marelli,Dolor sit Amet
3,1224,magneti marelli,Dolor sit Amet
3,1225,cinesi,333 123 456 bella li
3,1226,cinesi,Lorem Ipsum
3,1227,barilla,42 è la risposta
3,1228,cinesi,333 123 456 bella li
3,1229,brembo,Lorem Ipsum
3,1230,cinesi,42 è la risposta
3,1231,cinesi,333 123 456 bella li
3,1232,cinesi,Dolor sit Amet
3,1233,brembo,Dolor sit Amet
3,1234,brembo,Maurizio che non diventi un vizio
3,1235,cinesi,Lorem Ipsum
3,1236,LIDL,42 è la risposta
3,1237,magneti marelli,42 è la risposta
3,1238,LIDL,333 123 456 bella li
3,1239,magneti marelli,Lorem Ipsum
3,1240,brembo,Dolor sit Amet
3,1241,LIDL,333 123 456 bella li
3,1242,LIDL,333 123 456 bella li
3,1243,magneti marelli,Dolor sit Amet
3,1244,barilla,Dolor sit Amet
3,1245,LIDL,Lorem Ipsum
3,1246,cinesi,Maurizio che non diventi un vizio
3,1247,barilla,Dolor sit Amet
3,1248,brembo,42 è la risposta
3,1249,barilla,Maurizio che non diventi un vizio
3,1250,cinesi,Maurizio che non diventi un vizio
3,1251,LIDL,Maurizio che non diventi un vizio
3,1252,barilla,Maurizio che non diventi un vizio
3,1253,brembo,Dolor sit Amet
3,1254,LIDL,Lorem Ipsum
3,1255,barilla,Dolor sit Amet
3,1256,magneti marelli,Dolor sit Amet
3,1257,brembo,333 123 456 bella li
3,1258,magneti marelli,Dolor sit Amet
3,1259,brembo,Maurizio che non diventi un vizio
3,1260,magneti marelli,Maurizio che non diventi un vizio
3,1261,magneti marelli,42 è la risposta
3,1262,cinesi,Maurizio che non diventi un vizio
3,1263,cinesi,Lorem Ipsum
3,1264,magneti marelli,Lorem Ipsum
3,1265,magneti marelli,Lorem Ipsum
3,1266,magneti marelli,42 è la risposta
3,1267,magneti marelli,Lorem Ipsum
3,1268,cinesi,333 123 456 bella li
3,1269,magneti marelli,42 è la risposta
3,1270,LIDL,333 123 456 bella li
3,1271,LIDL,42 è la risposta
3,1272,LIDL,Lorem Ipsum
3,1273,magneti marelli,Maurizio che non diventi un vizio
3,1274,barilla,Dolor sit Amet
3,1275,cinesi,Lorem Ipsum
3,1276,LIDL,Lorem Ipsum
3,1277,magneti marelli,Dolor sit Amet
3,1278,cinesi,42 è la risposta
3,1279,LIDL,Lorem Ipsum
3,1280,cinesi,42 è la risposta
3,1281,LIDL,Lorem Ipsum
3,1282,magneti marelli,Dolor sit Amet
3,1283,LIDL,Maurizio che non diventi un vizio
3,1284,barilla,Dolor sit Amet
3,1285,brembo,Maurizio che non diventi un vizio
3,1286,brembo,42 è la risposta
3,1287,cinesi,42 è la risposta
3,1288,LIDL,Maurizio che non diventi un vizio
3,1289,LIDL,Maurizio che non diventi un vizio
3,1290,LIDL,42 è la risposta
3,1291,LIDL,Lorem Ipsum
3,1292,cinesi,42 è la risposta
3,1293,LIDL,Lorem Ipsum
3,1294,cinesi,Maurizio che non diventi un vizio
3,1295,LIDL,Lorem Ipsum
3,1296,cinesi,333 123 456 bella li
3,1297,brembo,Dolor sit Amet
3,1298,magneti marelli,Lorem Ipsum
3,1299,brembo,42 è la risposta
3,1300,LIDL,Maurizio che non diventi un vizio
4,1301,17,97
4,1302,1,50
4,1303,128,127
4,1304,3,66
4,1305,48,55
4,1306,4,49
4,1307,115,39
4,1308,5,4
4,1309,88,123
4,1310,109,59
4,1311,87,51
4,1312,96,69
4,1313,71,124
4,1314,72,13
4,1315,30,27
4,1316,57,21
4,1317,101,125
4,1318,31,52
4,1319,33,101
4,1320,8,69
4,1321,43,53
4,1322,113,107
4,1323,13,51
4,1324,95,41
4,1325,122,30
4,1326,42,35
4,1327,27,80
4,1328,3,115
4,1329,9,54
4,1330,74,54
4,1331,19,130
4,1332,122,33
4,1333,2,118
4,1334,125,59
4,1335,93,66
4,1336,124,75
4,1337,13,67
4,1338,19,23
4,1339,127,67
4,1340,116,126
4,1341,117,121
4,1342,20,47
4,1343,28,7
4,1344,128,18
4,1345,112,18
4,1346,42,4
4,1347,43,46
4,1348,19,27
4,1349,38,28
4,1350,50,26
4,1351,37,46
4,1352,49,89
4,1353,36,109
4,1354,119,49
4,1355,82,113
4,1356,16,27
4,1357,89,55
4,1358,129,1
4,1359,114,102
4,1360,76,82
4,1361,66,60
4,1362,25,58
4,1363,32,77
4,1364,116,10
4,1365,25,47
4,1366,116,109
4,1367,69,91
4,1368,81,54
4,1369,44,117
4,1370,57,69
4,1371,34,87
4,1372,29,36
4,1373,30,30
4,1374,65,14
4,1375,100,116
4,1376,55,108
4,1377,94,126
4,1378,129,92
4,1379,64,34
4,1380,67,14
4,1381,75,69
4,1382,87,87
4,1383,32,10
4,1384,15,105
4,1385,130,32
4,1386,124,26
4,1387,10,14
4,1388,81,3
4,1389,7,71
4,1390,26,108
4,1391,107,114
4,1392,31,15
4,1393,86,80
4,1394,125,104
4,1395,57,54
4,1396,117,39
4,1397,94,94
4,1398,55,30
4,1399,49,123
4,1400,95,23
4,1401,50,120
4,1402,92,117
4,1403,100,95
4,1404,64,33
4,1405,78,43
4,1406,62,65
4,1407,79,115
4,1408,16,107
4,1409,10,98
4,1410,24,86
4,1411,95,115
4,1412,8,109
4,1413,77,125
4,1414,95,77
4,1415,70,61
4,1416,32,6
4,1417,116,91
4,1418,118,17
4,1419,53,115
4,1420,110,8
4,1421,3,84
4,1422,11,53
4,1423,44,76
4,1424,26,74
4,1425,36,91
4,1426,1,18
4,1427,38,127
4,1428,4,105
4,1429,31,27
4,1430,51,45
4,1431,2,94
4,1432,78,84
4,1433,14,28
4,1434,28,37
4,1435,21,124
4,1436,22,4
4,1437,33,11
4,1438,23,109
4,1439,109,113
4,1440,12,27
4,1441,99,1
4,1442,123,84
4,1443,54,78
4,1444,72,99
4,1445,44,61
4,1446,111,128
4,1447,21,115
4,1448,101,130
4,1449,90,80
4,1450,34,86
4,1451,10,30
4,1452,18,93
4,1453,52,99
4,1454,16,85
4,1455,120,70
4,1456,120,11
4,1457,33,39
4,1458,51,77
4,1459,35,14
4,1460,107,111
4,1461,86,110
4,1462,38,39
4,1463,82,121
4,1464,81,118
4,1465,29,82
4,1466,29,68
4,1467,83,40
4,1468,62,109
4,1469,19,62
4,1470,74,14
4,1471,119,64
4,1472,114,59
4,1473,81,33
4,1474,30,125
4,1475,56,130
4,1476,62,35
4,1477,128,32
4,1478,31,66
4,1479,120,129
4,1480,82,59
4,1481,81,23
4,1482,117,36
4,1483,64,65
4,1484,63,7
4,1485,49,41
4,1486,73,5
4,1487,116,100
4,1488,3,118
4,1489,37,107
4,1490,2,73
4,1491,22,104
4,1492,58,80
4,1493,90,29
4,1494,99,10
4,1495,30,70
4,1496,68,2
4,1497,119,72
4,1498,23,61
4,1499,122,30
4,1500,126,52
4,1501,122,117
4,1502,27,28
4,1503,4,52
4,1504,112,19
4,1505,58,76
4,1506,21,4
4,1507,77,18
4,1508,101,10
4,1509,116,84
4,1510,80,41
4,1511,4,73
4,1512,86,109
4,1513,74,117
4,1514,101,62
4,1515,71,102
4,1516,82,39
4,1517,93,62
4,1518,92,75
4,1519,108,24
4,1520,18,119
4,1521,8,84
4,1522,67,32
4,1523,62,19
4,1524,54,124
4,1525,77,33
4,1526,79,122
4,1527,10,57
4,1528,91,47
4,1529,107,12
4,1530,1,58
4,1531,45,17
4,1532,81,60
4,1533,59,96
4,1534,87,67
4,1535,7,32
4,1536,78,46
4,1537,74,11
4,1538,90,106
4,1539,1,36
4,1540,114,127
4,1541,15,25
4,1542,21,57
4,1543,45,52
4,1544,60,30
4,1545,121,51
4,1546,47,104
4,1547,75,99
4,1548,114,123
4,1549,112,34
4,1550,15,119
4,1551,103,7
4,1552,92,43
4,1553,109,85
4,1554,103,56
4,1555,71,36
4,1556,77,58
4,1557,36,118
4,1558,83,64
4,1559,78,28
4,1560,4,66
4,1561,95,87
4,1562,122,23
4,1563,66,71
4,1564,23,81
4,1565,78,103
4,1566,113,63
4,1567,52,74
4,1568,75,22
4,1569,100,88
4,1570,1,93
4,1571,123,27
4,1572,113,57
4,1573,65,124
4,1574,43,118
4,1575,126,113
4,1576,24,27
4,1577,105,13
4,1578,78,54
4,1579,48,89
4,1580,115,125
4,1581,119,53
4,1582,27,53
4,1583,25,114
4,1584,73,37
4,1585,15,129
4,1586,50,84
4,1587,30,69
4,1588,110,45
4,1589,10,52
4,1590,23,12
4,1591,89,58
4,1592,73,74
4,1593,50,71
4,1594,3,4
4,1595,65,103
4,1596,2,13
4,1597,99,34
4,1598,26,65
4,1599,68,107
4,1600,30,47
4,1601,23,22
4,1602,112,100
4,1603,51,115
4,1604,6,63
4,1605,36,73
4,1606,11,128
4,1607,47,10
4,1608,25,110
4,1609,125,41
4,1610,39,83
4,1611,22,25
4,1612,113,103
4,1613,68,73
4,1614,127,109
4,1615,28,42
4,1616,111,46
4,1617,128,13
4,1618,75,52
4,1619,28,35
4,1620,14,70
4,1621,52,112
4,1622,25,115
4,1623,57,79
4,1624,9,91
4,1625,121,32
4,1626,85,37
4,1627,21,43
4,1628,23,81
4,1629,47,130
4,1630,76,7
4,1631,128,127
4,1632,59,58
4,1633,80,59
4,1634,81,107
4,1635,119,36
4,1636,19,130
4,1637,110,48
4,1638,58,1
4,1639,98,105
4,1640,121,93
4,1641,108,114
4,1642,80,7
4,1643,102,39
4,1644,30,27
4,1645,8,52
4,1646,24,58
4,1647,40,88
4,1648,33,130
4,1649,117,120
4,1650,115,38
4,1651,89,29
4,1652,5,45
4,1653,41,121
4,1654,17,42
4,1655,51,45
4,1656,55,52
4,1657,61,87
4,1658,113,12
4,1659,18,68
4,1660,32,23
4,1661,121,75
4,1662,7,63
4,1663,122,86
4,1664,107,108
4,1665,68,38
4,1666,40,130
4,1667,96,81
4,1668,22,7
4,1669,31,111
4,1670,31,77
4,1671,110,88
4,1672,108,10
4,1673,23,95
4,1674,3,105
4,1675,84,35
4,1676,43,19
4,1677,123,73
4,1678,22,32
4,1679,36,102
4,1680,111,62
4,1681,116,7
4,1682,48,58
4,1683,10,128
4,1684,52,41
4,1685,92,125
4,1686,112,38
4,1687,30,121
4,1688,79,88
4,1689,85,129
4,1690,110,123
4,1691,113,6
4,1692,24,43
4,1693,13,32
4,1694,47,25
4,1695,71,124
4,1696,129,36
4,1697,1,120
4,1698,31,101
4,1699,72,6
4,1700,6,79
4,1701,8,67
4,1702,105,68
4,1703,44,5
4,1704,7,119
4,1705,57,110
4,1706,28,59
4,1707,28,67
4,1708,100,6
4,1709,109,93
4,1710,54,71
4,1711,113,11
4,1712,48,80
4,1713,114,34
4,1714,6,109
4,1715,45,127
4,1716,2,58
4,1717,10,19
4,1718,21,114
4,1719,62,66
4,1720,115,114
4,1721,89,80
4,1722,28,117
4,1723,107,80
4,1724,9,34
4,1725,110,15
4,1726,36,77
4,1727,26,98
4,1728,12,13
4,1729,60,64
4,1730,32,74
4,1731,85,98
4,1732,29,89
4,1733,10,45
4,1734,106,60
4,1735,118,24
4,1736,88,77
4,1737,10,46
4,1738,118,112
4,1739,48,97
4,1740,25,56
4,1741,60,2
4,1742,81,53
4,1743,5,86
4,1744,30,111
4,1745,98,91
4,1746,11,34
4,1747,23,128
4,1748,29,103
4,1749,73,58
4,1750,123,14
4,1751,51,127
4,1752,32,68
4,1753,56,129
4,1754,51,99
4,1755,27,82
4,1756,126,128
4,1757,103,56
4,1758,17,66
4,1759,111,36
4,1760,52,18
4,1761,115,99
4,1762,126,108
4,1763,41,114
4,1764,21,47
4,1765,59,106
4,1766,99,9
4,1767,29,83
4,1768,21,51
4,1769,97,29
4,1770,101,108
4,1771,84,120
4,1772,112,82
4,1773,88,130
4,1774,67,41
4,1775,65,8
4,1776,112,93
4,1777,117,62
4,1778,119,3
4,1779,93,12
4,1780,113,39
4,1781,104,66
4,1782,76,112
4,1783,72,3
4,1784,56,49
4,1785,123,116
4,1786,125,129
4,1787,6,46
4,1788,29,25
4,1789,79,69
4,1790,61,110
4,1791,110,56
4,1792,92,27
4,1793,40,98
4,1794,28,120
4,1795,40,48
4,1796,66,66
4,1797,32,26
4,1798,17,93
4,1799,111,1
4,1800,117,12
4,1801,110,23
4,1802,88,98
4,1803,65,93
4,1804,125,8
4,1805,41,72
4,1806,112,48
4,1807,111,2
4,1808,32,21
4,1809,42,123
4,1810,109,25
4,1811,109,94
4,1812,46,40
4,1813,98,68
4,1814,90,79
4,1815,98,59
4,1816,128,112
4,1817,8,8
4,1818,92,92
4,1819,68,23
4,1820,107,21
4,1821,37,13
4,1822,63,16
4,1823,17,94
4,1824,42,37
4,1825,7,66
4,1826,70,49
4,1827,22,12
4,1828,106,58
4,1829,117,93
4,1830,35,58
4,1831,95,65
4,1832,127,4
4,1833,21,78
4,1834,124,20
4,1835,63,82
4,1836,35,120
4,1837,59,73
4,1838,35,129
4,1839,46,18
4,1840,6,107
4,1841,40,117
4,1842,58,89
4,1843,18,48
4,1844,61,70
4,1845,42,107
4,1846,114,110
4,1847,46,75
4,1848,116,90
4,1849,110,95
4,1850,78,28
4,1851,11,43
4,1852,63,129
4,1853,69,119
4,1854,13,75
4,1855,90,54
4,1856,52,71
4,1857,110,88
4,1858,4,107
4,1859,34,88
4,1860,100,128
4,1861,128,66
4,1862,48,65
4,1863,120,16
4,1864,38,22
4,1865,70,124
4,1866,85,52
4,1867,108,68
4,1868,61,99
4,1869,57,30
4,1870,94,2
4,1871,92,24
4,1872,27,75
4,1873,93,125
4,1874,92,74
4,1875,68,1
4,1876,106,41
4,1877,76,6
4,1878,25,43
4,1879,103,38
4,1880,42,111
4,1881,53,61
4,1882,64,59
4,1883,14,21
4,1884,55,98
4,1885,84,2
4,1886,55,17
4,1887,41,88
4,1888,49,43
4,1889,107,53
4,1890,49,101
4,1891,114,104
4,1892,92,80
4,1893,87,7
4,1894,95,70
4,1895,52,128
4,1896,16,59
4,1897,104,57
4,1898,35,10
4,1899,59,68
4,1900,65,55
4,1901,81,26
4,1902,108,83
4,1903,82,85
4,1904,120,44
4,1905,58,33
4,1906,122,36
4,1907,35,8
4,1908,56,45
4,1909,37,47
4,1910,35,53
4,1911,68,74
4,1912,107,119
4,1913,111,50
4,1914,111,15
4,1915,34,93
4,1916,60,78
4,1917,45,103
4,1918,122,90
4,1919,13,23
4,1920,53,40
4,1921,73,128
4,1922,4,66
4,1923,11,86
4,1924,25,93
4,1925,113,36
4,1926,94,88
4,1927,37,71
4,1928,72,127
4,1929,2,84
4,1930,57,87
4,1931,11,102
4,1932,85,71
4,1933,21,5
4,1934,103,88
4,1935,3,18
4,1936,3,79
4,1937,24,35
4,1938,18,105
4,1939,2,48
4,1940,18,41
4,1941,85,30
4,1942,75,50
4,1943,75,19
4,1944,45,116
4,1945,3,12
4,1946,109,117
4,1947,59,130
4,1948,52,39
4,1949,87,55
4,1950,47,124
4,1951,79,106
4,1952,22,47
4,1953,43,8
4,1954,1,108
4,1955,49,92
4,1956,124,61
4,1957,17,45
4,1958,88,9
4,1959,95,28
4,1960,95,64
4,1961,92,2
4,1962,38,24
4,1963,59,46
4,1964,5,102
4,1965,48,66
4,1966,118,32
4,1967,90,68
4,1968,113,97
4,1969,2,4
4,1970,35,116
4,1971,77,29
4,1972,71,104
4,1973,96,8
4,1974,81,113
4,1975,69,47
4,1976,75,75
4,1977,17,40
4,1978,63,7
4,1979,44,119
4,1980,72,65
4,1981,70,48
4,1982,47,48
4,1983,31,46
4,1984,115,98
4,1985,11,57
4,1986,113,115
4,1987,24,112
4,1988,103,56
4,1989,41,14
4,1990,74,67
4,1991,107,26
4,1992,43,49
4,1993,104,90
4,1994,110,59
4,1995,117,128
4,1996,19,115
4,1997,6,31
4,1998,101,1
4,1999,33,76
4,2000,44,85
4,2001,74,9
4,2002,101,22
4,2003,16,102
4,2004,88,108
4,2005,55,17
4,2006,23,95
4,2007,58,80
4,2008,36,74
4,2009,35,18
4,2010,127,95
4,2011,85,59
4,2012,119,1
4,2013,32,96
4,2014,13,47
4,2015,31,48
4,2016,34,113
4,2017,73,56
4,2018,26,98
4,2019,78,7
4,2020,75,64
4,2021,114,56
4,2022,6,103
4,2023,103,88
4,2024,10,113
4,2025,35,127
4,2026,37,8
4,2027,109,49
4,2028,62,124
4,2029,67,52
4,2030,124,15
4,2031,93,126
4,2032,47,39
4,2033,70,86
4,2034,59,25
4,2035,66,5
4,2036,19,28
4,2037,92,76
4,2038,111,116
4,2039,75,32
4,2040,83,109
4,2041,17,20
4,2042,60,93
4,2043,59,91
4,2044,22,46
4,2045,64,59
4,2046,42,74
4,2047,67,29
4,2048,28,17
4,2049,125,89
4,2050,41,81
4,2051,31,2
4,2052,106,8
4,2053,27,66
4,2054,1,82
4,2055,37,17
4,2056,80,126
4,2057,16,81
4,2058,19,62
4,2059,38,5
4,2060,130,91
4,2061,23,63
4,2062,128,95
4,2063,129,112
4,2064,59,113
4,2065,10,102
4,2066,50,68
4,2067,58,50
4,2068,14,123
4,2069,29,56
4,2070,88,115
4,2071,93,102
4,2072,102,46
4,2073,12,81
4,2074,10,64
4,2075,106,78
4,2076,52,69
4,2077,53,17
4,2078,78,37
4,2079,44,126
4,2080,35,11
4,2081,28,129
4,2082,1,15
4,2083,66,98
4,2084,117,104
4,2085,49,107
4,2086,42,10
4,2087,120,78
4,2088,62,71
4,2089,34,14
4,2090,100,67
4,2091,100,13
4,2092,48,124
4,2093,124,3
4,2094,17,104
4,2095,114,50
4,2096,57,127
4,2097,92,3
4,2098,45,116
4,2099,99,35
4,2100,6,62
4,2101,39,26
4,2102,74,78
4,2103,83,50
4,2104,105,65
4,2105,127,32
4,2106,113,23
4,2107,63,111
4,2108,36,120
4,2109,118,38
4,2110,1,73
4,2111,121,24
4,2112,96,64
4,2113,72,103
4,2114,6,129
4,2115,27,85
4,2116,112,125
4,2117,30,4
4,2118,92,122
4,2119,94,18
4,2120,66,1
4,2121,45,13
4,2122,113,18
4,2123,83,110
4,2124,115,79
4,2125,97,40
4,2126,95,73
4,2127,18,80
4,2128,114,56
4,2129,47,1
4,2130,71,49
4,2131,3,42
4,2132,84,40
4,2133,127,19
4,2134,111,84
4,2135,94,67
4,2136,42,123
4,2137,46,39
4,2138,124,27
4,2139,77,90
4,2140,99,16
4,2141,102,115
4,2142,31,120
4,2143,16,28
4,2144,90,96
4,2145,5,3
4,2146,124,16
4,2147,7,17
4,2148,33,77
4,2149,101,101
4,2150,12,60
4,2151,73,92
4,2152,118,59
4,2153,32,124
4,2154,90,12
4,2155,63,81
4,2156,93,8
4,2157,39,31
4,2158,49,62
4,2159,83,9
4,2160,90,111
4,2161,123,126
4,2162,48,22
4,2163,43,41
4,2164,116,125
4,2165,14,29
4,2166,78,21
4,2167,18,56
4,2168,104,22
4,2169,25,94
4,2170,100,83
4,2171,47,25
4,2172,53,61
4,2173,27,43
4,2174,10,63
4,2175,116,8
4,2176,3,115
4,2177,83,73
4,2178,60,122
4,2179,54,38
4,2180,10,81
4,2181,80,4
4,2182,74,29
4,2183,3,100
4,2184,68,8
4,2185,99,2
4,2186,115,25
4,2187,84,92
4,2188,85,41
4,2189,126,72
4,2190,7,11
4,2191,49,96
4,2192,108,28
4,2193,5,102
4,2194,74,75
4,2195,24,48
4,2196,53,110
4,2197,22,96
4,2198,59,87
4,2199,52,64
4,2200,33,96
4,2201,40,56
4,2202,45,123
4,2203,59,128
4,2204,111,66
4,2205,41,27
4,2206,2,94
4,2207,4,43
4,2208,67,57
4,2209,4,97
4,2210,107,40
4,2211,114,66
4,2212,93,44
4,2213,121,15
4,2214,98,76
4,2215,125,110
4,2216,25,29
4,2217,15,80
4,2218,16,118
4,2219,12,49
4,2220,83,58
4,2221,128,82
4,2222,92,28
4,2223,65,37
4,2224,128,81
4,2225,122,24
4,2226,116,1
4,2227,70,49
4,2228,79,109
4,2229,38,58
4,2230,57,11
4,2231,26,17
4,2232,43,25
4,2233,59,77
4,2234,32,8
4,2235,52,90
4,2236,76,37
4,2237,120,92
4,2238,80,49
4,2239,64,90
4,2240,24,22
4,2241,16,115
4,2242,75,105
4,2243,126,110
4,2244,43,44
4,2245,103,43
4,2246,107,102
4,2247,18,63
4,2248,90,54
4,2249,30,123
4,2250,71,15
4,2251,129,30
4,2252,64,36
4,2253,66,62
4,2254,118,107
4,2255,118,38
4,2256,130,84
4,2257,5,99
4,2258,26,105
4,2259,42,23
4,2260,104,115
4,2261,128,128
4,2262,82,16
4,2263,49,37
4,2264,52,76
4,2265,58,50
4,2266,12,98
4,2267,54,86
4,2268,6,2
4,2269,11,116
4,2270,78,119
4,2271,44,119
4,2272,105,109
4,2273,110,25
4,2274,27,32
4,2275,120,70
4,2276,33,109
4,2277,110,61
4,2278,80,17
4,2279,101,90
4,2280,2,8
4,2281,103,88
4,2282,101,120
4,2283,97,17
4,2284,69,9
4,2285,97,125
4,2286,118,50
4,2287,28,126
4,2288,37,67
4,2289,1,52
4,2290,109,125
4,2291,2,119
4,2292,57,37
4,2293,76,36
4,2294,32,25
4,2295,89,25
4,2296,42,120
4,2297,22,40
4,2298,117,113
4,2299,2,107
4,2300,49,119
4,2301,101,3
4,2302,127,118
4,2303,99,67
4,2304,17,1
4,2305,23,23
4,2306,49,109
4,2307,6,127
4,2308,30,123
4,2309,25,65
4,2310,91,102
4,2311,86,8
4,2312,71,81
4,2313,77,58
4,2314,44,115
4,2315,109,57
4,2316,102,45
4,2317,89,3
4,2318,44,41
4,2319,107,30
4,2320,97,16
4,2321,65,18
4,2322,5,118
4,2323,52,103
4,2324,5,52
4,2325,119,51
4,2326,22,35
4,2327,5,69
4,2328,76,53
4,2329,79,51
4,2330,32,94
4,2331,61,13
4,2332,41,5
4,2333,31,43
4,2334,86,52
4,2335,45,44
4,2336,9,29
4,2337,23,120
4,2338,61,44
4,2339,94,113
4,2340,115,121
4,2341,16,31
4,2342,68,110
4,2343,114,94
4,2344,28,3
4,2345,75,21
4,2346,102,62
4,2347,26,97
4,2348,42,104
4,2349,50,8
4,2350,20,9
4,2351,35,51
4,2352,14,82
4,2353,105,83
4,2354,107,122
4,2355,9,86
4,2356,119,112
4,2357,119,59
4,2358,83,101
4,2359,49,49
4,2360,14,91
4,2361,20,26
4,2362,7,87
4,2363,27,129
4,2364,97,14
4,2365,23,63
4,2366,83,16
4,2367,88,82
4,2368,90,30
4,2369,41,80
4,2370,109,54
4,2371,68,9
4,2372,47,31
4,2373,16,120
4,2374,29,37
4,2375,97,81
4,2376,67,7
4,2377,15,31
4,2378,107,69
4,2379,98,62
4,2380,3,9
4,2381,112,68
4,2382,80,114
4,2383,68,38
4,2384,95,47
4,2385,57,116
4,2386,41,86
4,2387,12,123
4,2388,118,42
4,2389,119,37
4,2390,53,84
4,2391,90,11
4,2392,60,15
4,2393,55,110
4,2394,24,11
4,2395,48,95
4,2396,72,16
4,2397,2,25
4,2398,31,43
4,2399,130,86
4,2400,115,1
4,2401,73,11
4,2402,59,38
4,2403,22,55
4,2404,74,97
4,2405,106,122
4,2406,41,53
4,2407,3,61
4,2408,112,22
4,2409,92,12
4,2410,111,68
4,2411,47,49
4,2412,77,118
4,2413,12,109
4,2414,50,128
4,2415,118,48
4,2416,17,90
4,2417,85,30
4,2418,119,54
4,2419,80,15
4,2420,30,81
4,2421,16,125
4,2422,119,49
4,2423,123,52
4,2424,113,84
4,2425,80,46
4,2426,109,123
4,2427,118,25
4,2428,51,112
4,2429,28,119
4,2430,110,103
4,2431,29,12
4,2432,62,41
4,2433,21,7
4,2434,85,19
4,2435,2,105
4,2436,96,15
4,2437,8,99
4,2438,122,68
4,2439,33,62
4,2440,22,118
4,2441,40,64
4,2442,110,98
4,2443,128,13
4,2444,18,71
4,2445,69,75
4,2446,99,54
4,2447,109,44
4,2448,54,70
4,2449,83,48
4,2450,76,85
4,2451,38,84
4,2452,89,39
4,2453,108,77
4,2454,62,1
4,2455,32,21
4,2456,47,115
4,2457,123,48
4,2458,79,31
4,2459,114,71
4,2460,127,118
4,2461,91,128
4,2462,45,20
4,2463,107,83
4,2464,37,119
4,2465,45,53
4,2466,87,36
4,2467,105,12
4,2468,38,55
4,2469,107,12
4,2470,61,46
4,2471,35,55
4,2472,35,84
4,2473,118,96
4,2474,46,123
4,2475,115,42
4,2476,110,56
4,2477,75,92
4,2478,127,76
4,2479,8,42
4,2480,126,103
4,2481,106,92
4,2482,104,22
4,2483,30,89
4,2484,91,68
4,2485,66,116
4,2486,66,85
4,2487,84,10
4,2488,21,12
4,2489,116,35
4,2490,59,108
4,2491,62,92
4,2492,67,56
4,2493,76,102
4,2494,19,85
4,2495,92,111
4,2496,124,55
4,2497,33,35
4,2498,51,62
4,2499,40,52
4,2500,72,122
4,2501,61,10
4,2502,21,23
4,2503,114,45
4,2504,48,80
4,2505,11,113
4,2506,32,53
4,2507,90,107
4,2508,5,93
4,2509,104,3
4,2510,106,30
4,2511,33,97
4,2512,20,121
4,2513,128,44
4,2514,79,80
4,2515,9,110
4,2516,25,96
4,2517,1,46
4,2518,89,9
4,2519,30,88
4,2520,115,16
4,2521,16,129
4,2522,105,3
4,2523,73,20
4,2524,44,77
4,2525,84,8
4,2526,124,116
4,2527,61,110
4,2528,64,128
4,2529,6,1
4,2530,34,82
4,2531,18,34
4,2532,65,111
4,2533,77,99
4,2534,117,72
4,2535,24,58
4,2536,8,58
4,2537,43,4
4,2538,48,20
4,2539,33,64
4,2540,75,122
4,2541,91,4
4,2542,58,90
4,2543,110,53
4,2544,83,128
4,2545,104,73
4,2546,23,123
4,2547,102,22
4,2548,112,106
4,2549,80,24
4,2550,122,118
4,2551,125,6
4,2552,48,59
4,2553,72,110
4,2554,113,96
4,2555,117,110
4,2556,46,4
4,2557,62,82
4,2558,128,94
4,2559,11,12
4,2560,116,115
4,2561,20,32
4,2562,95,33
4,2563,91,130
4,2564,129,102
4,2565,96,17
4,2566,54,8
4,2567,91,96
4,2568,1,79
4,2569,124,77
4,2570,56,40
4,2571,58,26
4,2572,9,61
4,2573,129,32
4,2574,116,3
4,2575,87,44
4,2576,80,101
4,2577,93,33
4,2578,107,27
4,2579,71,116
4,2580,81,5
4,2581,106,37
4,2582,91,70
4,2583,103,5
4,2584,62,24
4,2585,63,17
4,2586,33,35
4,2587,104,106
4,2588,47,87
4,2589,42,46
4,2590,89,130
4,2591,20,29
4,2592,27,70
4,2593,57,75
4,2594,17,16
4,2595,114,19
4,2596,36,72
4,2597,82,96
4,2598,73,76
4,2599,87,27
4,2600,88,43
4,2601,56,79
4,2602,119,5
4,2603,94,52
4,2604,58,85
4,2605,87,47
4,2606,66,30
4,2607,57,53
4,2608,116,39
4,2609,18,65
4,2610,99,7
4,2611,40,20
4,2612,92,10
4,2613,109,6
4,2614,123,40
4,2615,76,54
4,2616,29,126
4,2617,9,80
4,2618,37,54
4,2619,10,121
4,2620,35,99
4,2621,56,81
4,2622,73,3
4,2623,106,82
4,2624,25,82
4,2625,79,45
4,2626,51,93
4,2627,18,54
4,2628,96,1
4,2629,28,13
4,2630,41,17
4,2631,93,94
4,2632,86,73
4,2633,27,101
4,2634,50,53
4,2635,97,55
4,2636,86,48
4,2637,25,102
4,2638,28,2
4,2639,115,56
4,2640,12,87
4,2641,118,43
4,2642,127,7
4,2643,47,17
4,2644,110,73
4,2645,65,31
4,2646,116,23
4,2647,2,28
4,2648,91,11
4,2649,43,41
4,2650,65,88
4,2651,68,55
4,2652,17,74
4,2653,28,47
4,2654,34,130
4,2655,62,34
4,2656,110,73
4,2657,42,22
4,2658,129,104
4,2659,72,121
4,2660,91,33
4,2661,74,10
4,2662,55,58
4,2663,112,128
4,2664,5,119
4,2665,37,89
4,2666,18,109
4,2667,98,111
4,2668,12,94
4,2669,47,114
4,2670,95,25
4,2671,7,26
4,2672,12,21
4,2673,69,104
4,2674,65,88
4,2675,89,101
4,2676,33,67
4,2677,102,90
4,2678,16,4
4,2679,104,66
4,2680,86,66
4,2681,114,99
4,2682,14,36
4,2683,80,10
4,2684,44,12
4,2685,89,104
4,2686,115,114
4,2687,11,31
4,2688,80,89
4,2689,82,29
4,2690,18,81
4,2691,31,73
4,2692,50,95
4,2693,127,77
4,2694,110,37
4,2695,76,43
4,2696,32,28
4,2697,3,109
4,2698,29,53
4,2699,128,10
4,2700,87,26
4,2701,17,106
4,2702,79,50
4,2703,79,116
4,2704,54,25
4,2705,18,74
4,2706,112,68
4,2707,123,123
4,2708,84,41
4,2709,19,93
4,2710,125,30
4,2711,54,25
4,2712,72,130
4,2713,99,29
4,2714,51,83
4,2715,4,42
4,2716,56,113
4,2717,16,50
4,2718,73,109
4,2719,11,40
4,2720,1,61
4,2721,35,2
4,2722,98,81
4,2723,71,40
4,2724,93,89
4,2725,31,91
4,2726,4,115
4,2727,100,116
4,2728,3,29
4,2729,56,122
4,2730,1,2
4,2731,59,128
4,2732,21,130
4,2733,92,14
4,2734,3,1
4,2735,50,29
4,2736,44,108
4,2737,39,10
4,2738,27,50
4,2739,68,75
4,2740,14,40
4,2741,81,63
4,2742,42,61
4,2743,55,94
4,2744,17,64
4,2745,68,20
4,2746,121,116
4,2747,119,10
4,2748,21,117
4,2749,54,12
4,2750,63,89
4,2751,91,8
4,2752,57,49
4,2753,7,43
4,2754,122,124
4,2755,74,127
4,2756,101,45
4,2757,64,89
4,2758,110,53
4,2759,27,7
4,2760,111,65
4,2761,53,58
4,2762,6,70
4,2763,128,123
4,2764,66,99
4,2765,44,120
4,2766,91,111
4,2767,113,1
4,2768,53,58
4,2769,21,59
4,2770,99,59
4,2771,86,21
4,2772,73,91
4,2773,17,69
4,2774,108,4
4,2775,109,92
4,2776,62,53
4,2777,124,121
4,2778,125,3
4,2779,17,106
4,2780,66,57
4,2781,4,86
4,2782,62,61
4,2783,46,125
4,2784,56,10
4,2785,62,40
4,2786,43,111
4,2787,30,63
4,2788,95,7
4,2789,2,34
4,2790,16,124
4,2791,38,17
4,2792,28,28
4,2793,35,6
4,2794,49,112
4,2795,42,112
4,2796,102,107
4,2797,11,98
4,2798,32,52
4,2799,83,77
4,2800,50,59
4,2801,38,65
4,2802,15,2
4,2803,111,35
4,2804,109,116
4,2805,66,11
4,2806,55,39
4,2807,14,42
4,2808,19,24
4,2809,3,97
4,2810,29,40
4,2811,39,81
4,2812,69,75
4,2813,33,28
4,2814,6,112
4,2815,129,22
4,2816,8,47
4,2817,55,45
4,2818,102,22
4,2819,10,46
4,2820,22,36
4,2821,21,113
4,2822,6,46
4,2823,96,68
4,2824,66,105
4,2825,46,30
4,2826,116,117
4,2827,86,85
4,2828,65,59
4,2829,111,52
4,2830,106,35
4,2831,52,98
4,2832,40,116
4,2833,6,125
4,2834,64,2
4,2835,96,4
4,2836,21,5
4,2837,1,111
4,2838,80,130
4,2839,6,116
4,2840,128,40
4,2841,62,85
4,2842,12,87
4,2843,39,47
4,2844,88,94
4,2845,91,77
4,2846,124,83
4,2847,22,115
4,2848,25,39
4,2849,79,96
4,2850,86,40
4,2851,45,125
4,2852,1,116
4,2853,85,128
4,2854,10,56
4,2855,64,27
4,2856,35,97
4,2857,22,57
4,2858,8,101
4,2859,94,55
4,2860,65,93
4,2861,87,102
4,2862,123,67
4,2863,1,94
4,2864,116,102
4,2865,10,3
4,2866,88,118
4,2867,24,111
4,2868,99,100
4,2869,34,104
4,2870,111,95
4,2871,52,116
4,2872,118,118
4,2873,86,23
4,2874,55,68
4,2875,68,105
4,2876,35,98
4,2877,45,94
4,2878,73,104
4,2879,116,97
4,2880,82,38
4,2881,95,26
4,2882,64,97
4,2883,107,111
4,2884,70,104
4,2885,42,23
4,2886,69,51
4,2887,121,95
4,2888,41,7
4,2889,15,18
4,2890,91,17
4,2891,102,108
4,2892,69,71
4,2893,84,84
4,2894,104,3
4,2895,45,62
4,2896,41,49
4,2897,110,44
4,2898,52,10
4,2899,48,106
4,2900,23,41
4,2901,60,27
4,2902,86,31
4,2903,85,125
4,2904,1,113
4,2905,31,54
4,2906,19,118
4,2907,88,28
4,2908,69,62
4,2909,92,80
4,2910,115,118
4,2911,87,83
4,2912,91,91
4,2913,99,81
4,2914,65,23
4,2915,37,95
4,2916,55,71
4,2917,85,65
4,2918,87,29
4,2919,100,38
4,2920,53,117
4,2921,24,52
4,2922,64,39
4,2923,112,47
4,2924,66,113
4,2925,75,34
4,2926,101,52
4,2927,119,10
4,2928,100,38
4,2929,99,22
4,2930,35,53
4,2931,105,27
4,2932,80,45
4,2933,113,98
4,2934,18,73
4,2935,42,21
4,2936,32,121
4,2937,6,96
4,2938,101,89
4,2939,34,9
4,2940,88,80
4,2941,68,13
4,2942,87,81
4,2943,3,59
4,2944,116,105
4,2945,10,59
4,2946,32,123
4,2947,44,29
4,2948,126,32
4,2949,10,121
4,2950,50,39
4,2951,112,56
4,2952,15,67
4,2953,9,65
4,2954,99,56
4,2955,89,100
4,2956,54,69
4,2957,38,81
4,2958,125,105
4,2959,36,51
4,2960,46,28
4,2961,95,89
4,2962,53,108
4,2963,81,40
4,2964,79,49
4,2965,58,43
4,2966,20,118
4,2967,61,91
4,2968,11,113
4,2969,52,71
4,2970,70,86
4,2971,97,5
4,2972,51,98
4,2973,76,96
4,2974,34,90
4,2975,100,75
4,2976,29,127
4,2977,129,77
4,2978,113,122
4,2979,96,11
4,2980,21,98
4,2981,40,72
4,2982,87,117
4,2983,82,127
4,2984,116,17
4,2985,1,39
4,2986,92,107
4,2987,119,46
4,2988,52,67
4,2989,111,12
4,2990,2,93
4,2991,39,91
4,2992,83,58
4,2993,48,98
4,2994,57,130
4,2995,77,73
4,2996,105,127
4,2997,57,101
4,2998,116,2
4,2999,77,120
4,3000,60,121
4,3001,95,5
4,3002,85,120
4,3003,75,74
4,3004,53,71
4,3005,126,21
4,3006,130,119
4,3007,49,12
4,3008,130,117
4,3009,116,52
4,3010,73,38
4,3011,15,9
4,3012,114,40
4,3013,62,105
4,3014,93,111
4,3015,120,98
4,3016,10,124
4,3017,69,87
4,3018,63,43
4,3019,86,35
4,3020,20,53
4,3021,48,100
4,3022,109,81
4,3023,117,69
4,3024,31,120
4,3025,110,26
4,3026,47,53
4,3027,8,76
4,3028,27,40
4,3029,50,61
4,3030,37,91
4,3031,83,125
4,3032,3,68
4,3033,120,109
4,3034,128,110
4,3035,85,81
4,3036,63,92
4,3037,85,104
4,3038,90,55
4,3039,92,68
4,3040,11,129
4,3041,85,44
4,3042,14,42
4,3043,5,69
4,3044,57,53
4,3045,44,108
4,3046,74,42
4,3047,87,21
4,3048,123,128
4,3049,100,40
4,3050,129,24
4,3051,119,76
4,3052,28,1
4,3053,32,101
4,3054,74,49
4,3055,86,102
4,3056,51,34
4,3057,116,8
4,3058,6,72
4,3059,120,69
4,3060,122,26
4,3061,19,12
4,3062,83,125
4,3063,76,130
4,3064,126,104
4,3065,59,98
4,3066,47,24
4,3067,22,105
4,3068,106,58
4,3069,22,130
4,3070,42,102
4,3071,51,24
4,3072,37,87
4,3073,93,112
4,3074,101,79
4,3075,22,88
4,3076,22,12
4,3077,97,17
4,3078,72,100
4,3079,18,83
4,3080,4,78
4,3081,79,81
4,3082,113,21
4,3083,10,92
4,3084,120,19
4,3085,38,1
4,3086,5,29
4,3087,68,84
4,3088,21,10
4,3089,17,38
4,3090,126,41
4,3091,103,16
4,3092,88,78
4,3093,121,64
4,3094,41,13
4,3095,23,114
4,3096,93,44
4,3097,12,7
4,3098,65,33
4,3099,56,1
4,3100,94,67
4,3101,78,93
4,3102,94,124
4,3103,82,65
4,3104,90,90
4,3105,107,50
4,3106,22,70
4,3107,90,73
4,3108,105,101
4,3109,33,98
4,3110,63,50
4,3111,119,27
4,3112,66,99
4,3113,130,90
4,3114,59,8
4,3115,54,46
4,3116,15,35
4,3117,102,97
4,3118,86,77
4,3119,92,28
4,3120,106,120
4,3121,94,4
4,3122,129,73
4,3123,37,21
4,3124,30,76
4,3125,122,40
4,3126,10,5
4,3127,73,125
4,3128,82,23
4,3129,31,129
4,3130,73,37
4,3131,59,27
4,3132,4,56
4,3133,114,61
4,3134,5,112
4,3135,51,126
4,3136,27,120
4,3137,85,52
4,3138,28,127
4,3139,30,105
4,3140,31,71
4,3141,40,60
4,3142,96,82
4,3143,64,121
4,3144,38,95
4,3145,101,90
4,3146,40,45
4,3147,8,24
4,3148,32,28
4,3149,7,41
4,3150,108,109
4,3151,22,57
4,3152,24,49
4,3153,123,105
4,3154,113,2
4,3155,48,85
4,3156,93,26
4,3157,48,44
4,3158,12,27
4,3159,27,44
4,3160,118,94
4,3161,80,60
4,3162,65,99
4,3163,127,28
4,3164,95,90
4,3165,73,21
4,3166,86,80
4,3167,87,30
4,3168,120,46
4,3169,79,115
4,3170,91,78
4,3171,73,17
4,3172,3,84
4,3173,39,85
4,3174,45,37
4,3175,43,81
4,3176,128,7
4,3177,25,19
4,3178,43,20
4,3179,29,63
4,3180,110,102
4,3181,71,57
4,3182,99,5
4,3183,18,65
4,3184,120,34
4,3185,35,84
4,3186,104,43
4,3187,111,71
4,3188,55,34
4,3189,85,43
4,3190,122,45
4,3191,52,118
4,3192,62,6
4,3193,55,52
4,3194,1,126
4,3195,40,84
4,3196,94,118
4,3197,127,108
4,3198,33,73
4,3199,100,27
4,3200,116,88
4,3201,96,63
4,3202,112,129
4,3203,7,109
4,3204,41,38
4,3205,84,130
4,3206,95,109
4,3207,104,45
4,3208,74,20
4,3209,3,57
4,3210,123,113
4,3211,125,114
4,3212,3,2
4,3213,27,20
4,3214,109,41
4,3215,64,86
4,3216,95,46
4,3217,96,94
4,3218,30,20
4,3219,72,122
4,3220,72,66
4,3221,48,128
4,3222,45,54
4,3223,37,118
4,3224,56,112
4,3225,77,14
4,3226,114,86
4,3227,43,69
4,3228,20,38
4,3229,70,77
4,3230,70,89
4,3231,57,21
4,3232,24,60
4,3233,13,40
4,3234,57,123
4,3235,14,8
4,3236,95,130
4,3237,97,12
4,3238,84,61
4,3239,40,7
4,3240,17,93
4,3241,64,39
4,3242,126,54
4,3243,108,8
4,3244,87,83
4,3245,102,19
4,3246,118,119
4,3247,84,127
4,3248,22,38
4,3249,123,90
4,3250,64,91
4,3251,54,92
4,3252,100,73
4,3253,42,104
4,3254,92,88
4,3255,66,95
4,3256,123,62
4,3257,60,116
4,3258,22,26
4,3259,71,5
4,3260,25,64
4,3261,38,2
4,3262,32,4
4,3263,93,108
4,3264,45,87
4,3265,35,86
4,3266,71,12
4,3267,86,79
4,3268,17,53
4,3269,18,91
4,3270,86,53
4,3271,25,68
4,3272,53,74
4,3273,27,50
4,3274,37,118
4,3275,45,70
4,3276,90,62
4,3277,27,118
4,3278,68,108
4,3279,40,64
4,3280,104,11
4,3281,87,1
4,3282,104,44
4,3283,87,99
4,3284,125,76
4,3285,73,54
4,3286,117,24
4,3287,122,72
4,3288,123,26
4,3289,130,69
4,3290,128,76
4,3291,24,117
4,3292,21,15
4,3293,130,111
4,3294,96,7
4,3295,103,42
4,3296,34,33
4,3297,112,102
4,3298,27,65
4,3299,74,91
4,3300,77,23
4,3301,130,7
4,3302,19,112
4,3303,63,123
4,3304,13,79
4,3305,121,53
4,3306,94,79
4,3307,89,124
4,3308,115,21
4,3309,49,90
4,3310,71,14
4,3311,109,16
4,3312,23,27
4,3313,79,82
4,3314,20,130
4,3315,109,13
4,3316,46,89
4,3317,94,122
4,3318,40,99
4,3319,43,128
4,3320,78,39
4,3321,103,127
4,3322,64,31
4,3323,45,41
4,3324,69,26
4,3325,56,103
4,3326,8,84
4,3327,18,109
4,3328,102,91
4,3329,7,57
4,3330,86,75
4,3331,93,67
4,3332,64,46
4,3333,6,35
4,3334,80,86
4,3335,119,5
4,3336,91,36
4,3337,50,106
4,3338,87,42
4,3339,6,17
4,3340,3,120
4,3341,80,81
4,3342,128,95
4,3343,70,24
4,3344,130,72
4,3345,97,39
4,3346,8,12
4,3347,8,49
4,3348,68,14
4,3349,37,10
4,3350,64,112
4,3351,1,125
4,3352,105,34
4,3353,99,103
4,3354,121,99
4,3355,91,19
4,3356,9,117
4,3357,88,18
4,3358,63,107
4,3359,121,78
4,3360,51,49
4,3361,63,22
4,3362,108,29
4,3363,65,71
4,3364,51,28
4,3365,44,14
4,3366,116,11
4,3367,75,118
4,3368,55,76
4,3369,48,96
4,3370,126,93
4,3371,52,82
4,3372,115,119
4,3373,75,86
4,3374,113,44
4,3375,118,48
4,3376,51,128
4,3377,45,19
4,3378,7,3
4,3379,7,67
4,3380,12,17
4,3381,14,6
4,3382,11,92
4,3383,48,74
4,3384,6,77
4,3385,15,90
4,3386,117,106
4,3387,5,54
4,3388,79,128
4,3389,120,86
4,3390,99,114
4,3391,69,52
4,3392,10,76
4,3393,1,122
4,3394,3,117
4,3395,43,35
4,3396,6,96
4,3397,35,93
4,3398,86,68
4,3399,110,83
4,3400,58,106
4,3401,25,82
4,3402,17,60
4,3403,130,63
4,3404,11,79
4,3405,77,12
4,3406,105,100
4,3407,122,123
4,3408,5,11
4,3409,57,82
4,3410,41,73
4,3411,36,49
4,3412,32,5
4,3413,86,24
4,3414,91,17
4,3415,98,46
4,3416,87,111
4,3417,92,125
4,3418,72,111
4,3419,33,4
4,3420,32,82
4,3421,87,72
4,3422,109,45
4,3423,114,73
4,3424,22,87
4,3425,39,92
4,3426,13,89
4,3427,8,100
4,3428,112,17
4,3429,99,91
4,3430,122,22
4,3431,129,123
4,3432,41,94
4,3433,128,16
4,3434,14,103
4,3435,15,91
4,3436,88,12
4,3437,23,93
4,3438,74,85
4,3439,80,48
4,3440,76,99
4,3441,36,74
4,3442,110,119
4,3443,13,60
4,3444,130,88
4,3445,129,37
4,3446,117,110
4,3447,20,116
4,3448,69,104
4,3449,110,86
4,3450,20,78
4,3451,18,65
4,3452,97,31
4,3453,68,73
4,3454,3,97
4,3455,59,115
4,3456,101,67
4,3457,88,3
4,3458,125,77
4,3459,130,96
4,3460,30,18
4,3461,101,122
4,3462,106,130
4,3463,118,48
4,3464,2,35
4,3465,98,22
4,3466,113,65
4,3467,42,128
4,3468,108,14
4,3469,113,66
4,3470,61,122
4,3471,117,30
4,3472,62,78
4,3473,95,24
4,3474,63,25
4,3475,54,124
4,3476,105,126
4,3477,27,26
4,3478,4,124
4,3479,21,121
4,3480,22,98
4,3481,33,14
4,3482,70,119
4,3483,33,47
4,3484,52,43
4,3485,53,30
4,3486,66,53
4,3487,124,46
4,3488,63,77
4,3489,31,97
4,3490,98,102
4,3491,61,52
4,3492,39,39
4,3493,84,121
4,3494,103,57
4,3495,126,25
4,3496,110,114
4,3497,1,28
4,3498,103,116
4,3499,85,28
4,3500,105,97
4,3501,78,19
4,3502,32,17
4,3503,6,92
4,3504,35,10
4,3505,39,128
4,3506,82,103
4,3507,12,91
4,3508,42,96
4,3509,81,46
4,3510,12,80
4,3511,130,98
4,3512,120,77
4,3513,113,74
4,3514,97,11
4,3515,115,63
4,3516,77,39
4,3517,39,44
4,3518,77,54
4,3519,8,62
4,3520,54,110
4,3521,114,121
4,3522,33,3
4,3523,55,64
4,3524,48,41
4,3525,22,32
4,3526,124,44
4,3527,94,45
4,3528,48,81
4,3529,16,1
4,3530,89,110
4,3531,19,8
4,3532,97,3
4,3533,34,29
4,3534,121,44
4,3535,113,77
4,3536,83,12
4,3537,78,69
4,3538,21,11
4,3539,94,121
4,3540,77,73
4,3541,89,1
4,3542,120,119
4,3543,121,93
4,3544,58,44
4,3545,130,18
4,3546,1,11
4,3547,6,112
4,3548,27,77
4,3549,19,17
4,3550,6,117
4,3551,65,27
4,3552,34,80
4,3553,77,36
4,3554,1,125
4,3555,101,86
4,3556,16,44
4,3557,106,108
4,3558,66,51
4,3559,84,83
4,3560,82,121
4,3561,20,65
4,3562,100,26
4,3563,67,29
4,3564,66,57
4,3565,11,91
4,3566,1,89
4,3567,68,103
4,3568,111,94
4,3569,119,72
4,3570,107,87
4,3571,122,18
4,3572,70,10
4,3573,77,104
4,3574,78,56
4,3575,88,114
4,3576,73,43
4,3577,65,7
4,3578,93,102
4,3579,67,39
4,3580,6,110
4,3581,17,74
4,3582,127,55
4,3583,83,93
4,3584,86,48
4,3585,15,61
4,3586,109,14
4,3587,101,56
4,3588,62,98
4,3589,2,70
4,3590,14,83
4,3591,84,96
4,3592,35,78
4,3593,91,89
4,3594,44,4
4,3595,57,51
4,3596,95,23
4,3597,93,34
4,3598,71,65
4,3599,9,69
4,3600,33,13
4,3601,44,100
4,3602,5,104
4,3603,79,129
4,3604,22,108
4,3605,119,93
4,3606,64,124
4,3607,98,70
4,3608,68,12
4,3609,78,130
4,3610,101,41
4,3611,90,6
4,3612,61,8
4,3613,69,31
4,3614,7,125
4,3615,125,100
4,3616,120,115
4,3617,105,93
4,3618,63,15
4,3619,2,19
4,3620,60,130
4,3621,128,79
4,3622,55,71
4,3623,82,120
4,3624,29,98
4,3625,80,26
4,3626,115,56
4,3627,30,12
4,3628,37,41
4,3629,110,72
4,3630,62,12
4,3631,30,113
4,3632,35,39
4,3633,101,92
4,3634,66,8
4,3635,91,76
4,3636,124,58
4,3637,41,10
4,3638,116,44
4,3639,122,98
4,3640,47,115
4,3641,94,111
4,3642,26,94
4,3643,4,62
4,3644,22,81
4,3645,39,107
4,3646,117,3
4,3647,47,102
4,3648,106,99
4,3649,5,96
4,3650,105,49
4,3651,109,13
4,3652,52,66
4,3653,94,85
4,3654,68,19
4,3655,37,118
4,3656,104,124
4,3657,95,54
4,3658,129,26
4,3659,61,47
4,3660,15,79
4,3661,6,130
4,3662,95,52
4,3663,89,108
4,3664,59,5
4,3665,62,79
4,3666,19,13
4,3667,110,24
4,3668,53,4
4,3669,83,29
4,3670,130,77
4,3671,77,45
4,3672,66,7
4,3673,19,18
4,3674,28,111
4,3675,112,12
4,3676,89,79
4,3677,50,127
4,3678,91,45
4,3679,117,104
4,3680,102,46
4,3681,118,18
4,3682,124,77
4,3683,70,4
4,3684,108,33
4,3685,74,20
4,3686,57,35
4,3687,103,117
4,3688,14,10
4,3689,117,114
4,3690,43,38
4,3691,81,28
4,3692,125,8
4,3693,95,32
4,3694,105,93
4,3695,4,119
4,3696,59,14
4,3697,95,103
4,3698,93,98
4,3699,97,97
4,3700,66,111
4,3701,89,130
4,3702,127,107
4,3703,29,35
4,3704,39,95
4,3705,97,55
4,3706,9,70
4,3707,28,80
4,3708,33,87
4,3709,116,96
4,3710,120,77
4,3711,125,110
4,3712,76,38
4,3713,60,102
4,3714,53,56
4,3715,38,57
4,3716,28,79
4,3717,65,69
4,3718,103,95
4,3719,3,19
4,3720,22,86
4,3721,49,26
4,3722,120,123
4,3723,82,61
4,3724,90,109
4,3725,112,27
4,3726,101,9
4,3727,95,36
4,3728,46,4
4,3729,52,123
4,3730,59,51
4,3731,75,87
4,3732,59,107
4,3733,42,55
4,3734,119,17
4,3735,100,106
4,3736,23,70
4,3737,63,27
4,3738,23,77
4,3739,26,72
4,3740,65,130
4,3741,125,73
4,3742,110,61
4,3743,115,126
4,3744,94,34
4,3745,7,14
4,3746,78,130
4,3747,127,122
4,3748,70,130
4,3749,40,6
4,3750,25,86
4,3751,77,15
4,3752,117,93
4,3753,68,68
4,3754,96,77
4,3755,106,30
4,3756,72,17
4,3757,111,91
4,3758,53,29
4,3759,41,85
4,3760,105,117
4,3761,26,30
4,3762,120,124
4,3763,100,47
4,3764,28,72
4,3765,53,53
4,3766,74,117
4,3767,85,13
4,3768,46,6
4,3769,96,110
4,3770,122,75
4,3771,53,11
4,3772,99,97
4,3773,32,39
4,3774,33,77
4,3775,29,26
4,3776,62,45
4,3777,77,21
4,3778,23,31
4,3779,63,27
4,3780,3,119
4,3781,59,72
4,3782,50,18
4,3783,63,59
4,3784,126,39
4,3785,100,106
4,3786,106,55
4,3787,123,41
4,3788,87,22
4,3789,8,36
4,3790,111,75
4,3791,47,108
4,3792,29,69
4,3793,57,103
4,3794,120,38
4,3795,125,11
4,3796,108,21
4,3797,61,2
4,3798,121,117
4,3799,28,53
4,3800,18,21
4,3801,88,99
4,3802,60,10
4,3803,91,30
4,3804,81,89
4,3805,38,51
4,3806,4,99
4,3807,109,120
4,3808,102,31
4,3809,59,117
4,3810,26,122
4,3811,21,105
4,3812,104,40
4,3813,51,37
4,3814,40,43
4,3815,83,19
4,3816,58,57
4,3817,102,10
4,3818,108,79
4,3819,63,56
4,3820,5,95
4,3821,7,61
4,3822,20,98
4,3823,92,27
4,3824,28,85
4,3825,78,15
4,3826,75,125
4,3827,88,5
4,3828,72,47
4,3829,42,27
4,3830,45,123
4,3831,10,34
4,3832,59,24
4,3833,17,24
4,3834,25,69
4,3835,13,58
4,3836,108,121
4,3837,117,32
4,3838,89,117
4,3839,74,55
4,3840,4,81
4,3841,23,57
4,3842,101,19
4,3843,3,128
4,3844,120,63
4,3845,23,54
4,3846,59,80
4,3847,25,18
4,3848,39,61
4,3849,130,114
4,3850,5,76
4,3851,96,21
4,3852,72,36
4,3853,61,126
4,3854,117,95
4,3855,109,16
4,3856,125,104
4,3857,111,91
4,3858,48,77
4,3859,13,36
4,3860,108,38
4,3861,4,93
4,3862,92,109
4,3863,4,55
4,3864,4,40
4,3865,5,125
4,3866,67,127
4,3867,90,120
4,3868,34,6
4,3869,128,59
4,3870,114,68
4,3871,36,113
4,3872,112,78
4,3873,121,82
4,3874,27,121
4,3875,56,88
4,3876,73,14
4,3877,11,35
4,3878,115,127
4,3879,91,130
4,3880,50,107
4,3881,59,33
4,3882,100,85
4,3883,95,10
4,3884,2,68
4,3885,73,44
4,3886,31,9
4,3887,36,74
4,3888,126,48
4,3889,42,2
4,3890,17,128
4,3891,31,33
4,3892,58,115
4,3893,49,129
4,3894,102,9
4,3895,70,84
4,3896,111,103
4,3897,117,77
4,3898,40,125
4,3899,84,85
4,3900,54,2
4,3901,64,86
4,3902,30,56
4,3903,12,35
4,3904,72,45
4,3905,19,26
4,3906,110,121
4,3907,94,78
4,3908,24,31
4,3909,75,126
4,3910,39,67
4,3911,5,27
4,3912,28,107
4,3913,85,105
4,3914,98,77
4,3915,96,54
4,3916,95,5
4,3917,26,90
4,3918,86,101
4,3919,85,102
4,3920,96,83
4,3921,64,26
4,3922,33,44
4,3923,94,105
4,3924,58,66
4,3925,85,78
4,3926,25,87
4,3927,14,11
4,3928,2,79
4,3929,95,67
4,3930,68,68
4,3931,109,105
4,3932,47,103
4,3933,7,5
4,3934,25,49
4,3935,114,129
4,3936,84,116
4,3937,33,125
4,3938,1,111
4,3939,59,60
4,3940,80,19
4,3941,15,28
4,3942,10,60
4,3943,63,81
4,3944,2,50
4,3945,30,13
4,3946,1,98
4,3947,2,49
4,3948,119,61
4,3949,40,70
4,3950,91,92
4,3951,105,104
4,3952,109,74
4,3953,84,88
4,3954,19,77
4,3955,63,19
4,3956,72,25
4,3957,2,122
4,3958,30,13
4,3959,27,81
4,3960,102,37
4,3961,77,97
4,3962,75,20
4,3963,55,21
4,3964,29,95
4,3965,100,60
4,3966,117,42
4,3967,60,86
4,3968,111,11
4,3969,38,85
4,3970,21,104
4,3971,44,124
4,3972,2,120
4,3973,80,44
4,3974,129,35
4,3975,84,53
4,3976,67,16
4,3977,3,61
4,3978,27,55
4,3979,54,19
4,3980,90,87
4,3981,79,9
4,3982,34,22
4,3983,29,105
4,3984,114,123
4,3985,95,96
4,3986,96,57
4,3987,113,80
4,3988,7,110
4,3989,51,20
4,3990,25,50
4,3991,56,126
4,3992,115,100
4,3993,31,49
4,3994,102,3
4,3995,36,23
4,3996,4,42
4,3997,117,67
4,3998,68,28
4,3999,58,86
